-- ============================================================
--  MODELO ENTIDAD-RELACIÓN
--  Proyecto Nacional de Fibra Óptica - Colombia
--  Generado para MySQL Workbench
-- ============================================================

CREATE DATABASE IF NOT EXISTS fibra_optica_colombia
  CHARACTER SET utf8mb4
  COLLATE utf8mb4_unicode_ci;

USE fibra_optica_colombia;

-- ------------------------------------------------------------
-- 1. REGIÓN
-- ------------------------------------------------------------
CREATE TABLE region (
    id_region     INT           NOT NULL AUTO_INCREMENT,
    nombre_region VARCHAR(100)  NOT NULL,
    PRIMARY KEY (id_region),
    UNIQUE KEY uq_region_nombre (nombre_region)
) ENGINE=InnoDB COMMENT='Regiones geográficas de Colombia';

-- ------------------------------------------------------------
-- 2. DEPARTAMENTO
-- ------------------------------------------------------------
CREATE TABLE departamento (
    cod_departamento CHAR(2)      NOT NULL,   -- Código DANE
    nombre           VARCHAR(100) NOT NULL,
    id_region        INT          NOT NULL,
    PRIMARY KEY (cod_departamento),
    CONSTRAINT fk_depto_region
        FOREIGN KEY (id_region)
        REFERENCES region (id_region)
        ON UPDATE CASCADE
        ON DELETE RESTRICT
) ENGINE=InnoDB COMMENT='Departamentos de Colombia (código DANE)';

-- ------------------------------------------------------------
-- 3. MUNICIPIO
-- ------------------------------------------------------------
CREATE TABLE municipio (
    cod_municipio    CHAR(5)      NOT NULL,   -- Código DANE municipio
    nombre           VARCHAR(150) NOT NULL,
    cod_departamento CHAR(2)      NOT NULL,
    PRIMARY KEY (cod_municipio),
    CONSTRAINT fk_mun_depto
        FOREIGN KEY (cod_departamento)
        REFERENCES departamento (cod_departamento)
        ON UPDATE CASCADE
        ON DELETE RESTRICT
) ENGINE=InnoDB COMMENT='Municipios de Colombia (código DANE)';

-- ------------------------------------------------------------
-- 4. INDICADOR
-- ------------------------------------------------------------
CREATE TABLE indicador (
    id_indicador INT          NOT NULL,
    descripcion  VARCHAR(255) NULL,
    PRIMARY KEY (id_indicador)
) ENGINE=InnoDB COMMENT='Indicadores de seguimiento del proyecto';

-- ------------------------------------------------------------
-- 5. PROYECTO_FIBRA  (tabla de hechos / principal)
-- ------------------------------------------------------------
CREATE TABLE proyecto_fibra (
    id_proyecto              INT            NOT NULL AUTO_INCREMENT,
    cod_municipio            CHAR(5)        NOT NULL,
    id_indicador             INT            NOT NULL,
    fecha_operacion          DATE           NULL     COMMENT 'Inicio de operación',
    fecha_fin_operacion      DATE           NULL     COMMENT 'Fin de operación',
    estado_actual            VARCHAR(50)    NOT NULL DEFAULT 'En Operación',
    inversion_fontic         DECIMAL(18,2)  NULL     COMMENT 'Inversión FONTIC (COP)',
    inversion_contrapartida  DECIMAL(18,2)  NULL     COMMENT 'Inversión contrapartida (COP)',
    inversion_total          DECIMAL(18,2)  NULL     COMMENT 'Inversión total (COP)',
    fecha_cargue             DATE           NULL     COMMENT 'Fecha de cargue al sistema',
    fecha_vigencia           DATE           NULL     COMMENT 'Fecha de vigencia del registro',
    PRIMARY KEY (id_proyecto),
    CONSTRAINT fk_pf_municipio
        FOREIGN KEY (cod_municipio)
        REFERENCES municipio (cod_municipio)
        ON UPDATE CASCADE
        ON DELETE RESTRICT,
    CONSTRAINT fk_pf_indicador
        FOREIGN KEY (id_indicador)
        REFERENCES indicador (id_indicador)
        ON UPDATE CASCADE
        ON DELETE RESTRICT,
    INDEX idx_pf_estado (estado_actual),
    INDEX idx_pf_fecha_op (fecha_operacion),
    INDEX idx_pf_municipio (cod_municipio)
) ENGINE=InnoDB COMMENT='Registro de proyectos de fibra óptica por municipio';


-- ============================================================
-- DATOS DE CATÁLOGO (semilla)
-- ============================================================

-- Regiones
INSERT INTO region (nombre_region) VALUES
    ('Región Caribe'),
    ('Región Centro Oriente'),
    ('Región Eje Cafetero'),
    ('Región Pacífico'),
    ('Región Centro Sur'),
    ('Región Llano');

-- Indicadores conocidos
INSERT INTO indicador (id_indicador, descripcion) VALUES
    (2381, 'Municipios con red de fibra óptica en operación');


-- ============================================================
-- VISTAS ÚTILES
-- ============================================================

-- Resumen de inversión por departamento
CREATE OR REPLACE VIEW v_inversion_por_departamento AS
SELECT
    d.cod_departamento,
    d.nombre                        AS departamento,
    r.nombre_region                 AS region,
    COUNT(pf.id_proyecto)           AS total_municipios,
    SUM(pf.inversion_fontic)        AS total_fontic,
    SUM(pf.inversion_contrapartida) AS total_contrapartida,
    SUM(pf.inversion_total)         AS total_inversion
FROM proyecto_fibra pf
JOIN municipio      m  ON pf.cod_municipio    = m.cod_municipio
JOIN departamento   d  ON m.cod_departamento  = d.cod_departamento
JOIN region         r  ON d.id_region         = r.id_region
GROUP BY d.cod_departamento, d.nombre, r.nombre_region;

-- Resumen por región
CREATE OR REPLACE VIEW v_inversion_por_region AS
SELECT
    r.nombre_region,
    COUNT(pf.id_proyecto)           AS total_municipios,
    SUM(pf.inversion_total)         AS total_inversion
FROM proyecto_fibra pf
JOIN municipio    m ON pf.cod_municipio   = m.cod_municipio
JOIN departamento d ON m.cod_departamento = d.cod_departamento
JOIN region       r ON d.id_region        = r.id_region
GROUP BY r.nombre_region;

-- ============================================================
--  INSERT INTO - Proyecto Nacional de Fibra Óptica Colombia
--  788 municipios | 27 departamentos | 6 regiones
-- ============================================================

USE fibra_optica_colombia;

-- ------------------------------------------------------------
-- 1. REGIÓN (6 registros)
-- ------------------------------------------------------------
INSERT INTO region (id_region, nombre_region) VALUES
  (1, 'Región Caribe'),
  (2, 'Región Centro Oriente'),
  (3, 'Región Eje Cafetero'),
  (4, 'Región Pacífico'),
  (5, 'Región Centro Sur'),
  (6, 'Región Llano');

-- ------------------------------------------------------------
-- 2. DEPARTAMENTO (27 registros)
-- ------------------------------------------------------------
INSERT INTO departamento (cod_departamento, nombre, id_region) VALUES
  ('23', 'CORDOBA', 1),
  ('68', 'SANTANDER', 2),
  ('25', 'CUNDINAMARCA', 2),
  ('54', 'NORTE DE SANTANDER', 2),
  ('17', 'CALDAS', 3),
  ('52', 'NARIÑO', 4),
  ('41', 'HUILA', 5),
  ('15', 'BOYACA', 2),
  ('70', 'SUCRE', 1),
  ('63', 'QUINDIO', 3),
  ('73', 'TOLIMA', 5),
  ('81', 'ARAUCA', 6),
  ('05', 'ANTIOQUIA', 3),
  ('27', 'CHOCO', 4),
  ('19', 'CAUCA', 4),
  ('85', 'CASANARE', 6),
  ('50', 'META', 6),
  ('18', 'CAQUETA', 5),
  ('86', 'PUTUMAYO', 5),
  ('13', 'BOLIVAR', 1),
  ('44', 'LA GUAJIRA', 1),
  ('20', 'CESAR', 1),
  ('47', 'MAGDALENA', 1),
  ('66', 'RISARALDA', 3),
  ('99', 'VICHADA', 6),
  ('76', 'VALLE DEL CAUCA', 4),
  ('95', 'GUAVIARE', 6);

-- ------------------------------------------------------------
-- 3. MUNICIPIO (788 registros)
-- ------------------------------------------------------------
INSERT INTO municipio (cod_municipio, nombre, cod_departamento) VALUES
  ('23682', 'SAN JOSE DE URE', '23'),
  ('68370', 'JORDAN', '68'),
  ('25805', 'TIBACUY', '25'),
  ('25299', 'GAMA', '25'),
  ('54099', 'BOCHALEMA', '54'),
  ('17442', 'MARMATO', '17'),
  ('52051', 'ARBOLEDA', '52'),
  ('41244', 'ELIAS', '41'),
  ('15580', 'QUIPAMA', '15'),
  ('15804', 'TIBANA', '15'),
  ('15204', 'COMBITA', '15'),
  ('25815', 'TOCAIMA', '25'),
  ('25328', 'GUAYABAL DE SIQUIMA', '25'),
  ('70204', 'COLOSO', '70'),
  ('54245', 'EL CARMEN', '54'),
  ('25518', 'PAIME', '25'),
  ('17272', 'FILADELFIA', '17'),
  ('15272', 'FIRAVITOBA', '15'),
  ('17388', 'LA MERCED', '17'),
  ('63690', 'SALENTO', '63'),
  ('54239', 'DURANIA', '54'),
  ('25596', 'QUIPILE', '25'),
  ('15664', 'SAN JOSE DE PARE', '15'),
  ('73030', 'AMBALEMA', '73'),
  ('81794', 'TAME', '81'),
  ('05361', 'ITUANGO', '05'),
  ('52079', 'BARBACOAS', '52'),
  ('27491', 'NOVITA', '27'),
  ('17665', 'SAN JOSE', '17'),
  ('54385', 'LA ESPERANZA', '54'),
  ('19355', 'INZA', '19'),
  ('25592', 'QUEBRADANEGRA', '25'),
  ('15820', 'TOPAGA', '15'),
  ('85400', 'TAMARA', '85'),
  ('52354', 'IMUES', '52'),
  ('05044', 'ANZA', '05'),
  ('50287', 'FUENTE DE ORO', '50'),
  ('54223', 'CUCUTILLA', '54'),
  ('25123', 'CACHIPAY', '25'),
  ('15621', 'RONDON', '15'),
  ('63111', 'BUENAVISTA', '63'),
  ('18610', 'SAN JOSE DEL FRAGUA', '18'),
  ('05543', 'PEQUE', '05'),
  ('25862', 'VERGARA', '25'),
  ('05107', 'BRICEÑO', '05'),
  ('86571', 'PUERTO GUZMAN', '86'),
  ('15600', 'RAQUIRA', '15'),
  ('13268', 'EL PEÑON', '13'),
  ('68867', 'VETAS', '68'),
  ('15753', 'SOATA', '15'),
  ('05031', 'AMALFI', '05'),
  ('41020', 'ALGECIRAS', '41'),
  ('52250', 'EL CHARCO', '52'),
  ('19780', 'SUAREZ', '19'),
  ('25394', 'LA PALMA', '25'),
  ('50245', 'EL CALVARIO', '50'),
  ('68255', 'EL PLAYON', '68'),
  ('15380', 'LA CAPILLA', '15'),
  ('15185', 'CHITARAQUE', '15'),
  ('15367', 'JENESANO', '15'),
  ('44420', 'LA JAGUA DEL PILAR', '44'),
  ('52621', 'ROBERTO PAYAN', '52'),
  ('20250', 'EL PASO', '20'),
  ('41548', 'PITAL', '41'),
  ('15599', 'RAMIRIQUI', '15'),
  ('15299', 'GARAGOA', '15'),
  ('54313', 'GRAMALOTE', '54'),
  ('41791', 'TARQUI', '41'),
  ('47030', 'ALGARROBO', '47'),
  ('25099', 'BOJACA', '25'),
  ('73055', 'ARMERO', '73'),
  ('68209', 'CONFINES', '68'),
  ('15810', 'TIPACOQUE', '15'),
  ('27787', 'TADO', '27'),
  ('68190', 'CIMITARRA', '68'),
  ('50330', 'MESETAS', '50'),
  ('19418', 'LOPEZ', '19'),
  ('52215', 'CORDOBA', '52'),
  ('73563', 'PRADO', '73'),
  ('05134', 'CAMPAMENTO', '05'),
  ('25398', 'LA PEÑA', '25'),
  ('17050', 'ARANZAZU', '17'),
  ('73678', 'SAN LUIS', '73'),
  ('52506', 'OSPINA', '52'),
  ('27050', 'ATRATO', '27'),
  ('54871', 'VILLA CARO', '54'),
  ('23815', 'TUCHÍN', '23'),
  ('25649', 'SAN BERNARDO', '25'),
  ('13458', 'MONTECRISTO', '13'),
  ('70233', 'EL ROBLE', '70'),
  ('19050', 'ARGELIA', '19'),
  ('81300', 'FORTUL', '81'),
  ('15798', 'TENZA', '15'),
  ('25599', 'APULO', '25'),
  ('50325', 'MAPIRIPAN', '50'),
  ('19142', 'CALOTO', '19'),
  ('13006', 'ACHI', '13'),
  ('66318', 'GUATICA', '66'),
  ('17444', 'MARQUETALIA', '17'),
  ('41483', 'NATAGA', '41');
INSERT INTO municipio (cod_municipio, nombre, cod_departamento) VALUES
  ('52411', 'LINARES', '52'),
  ('50590', 'PUERTO RICO', '50'),
  ('19760', 'SOTARA', '19'),
  ('25279', 'FOMEQUE', '25'),
  ('52110', 'BUESACO', '52'),
  ('15814', 'TOCA', '15'),
  ('25580', 'PULI', '25'),
  ('41319', 'GUADALUPE', '41'),
  ('13140', 'CALAMAR', '13'),
  ('15425', 'MACANAL', '15'),
  ('15215', 'CORRALES', '15'),
  ('99773', 'CUMARIBO', '99'),
  ('52435', 'MALLAMA', '52'),
  ('41770', 'SUAZA', '41'),
  ('19845', 'VILLA RICA', '19'),
  ('18860', 'VALPARAISO', '18'),
  ('25040', 'ANOLAIMA', '25'),
  ('54051', 'ARBOLEDAS', '54'),
  ('73347', 'HERVEO', '73'),
  ('13468', 'MOMPOS', '13'),
  ('25645', 'SAN ANTONIO DEL TEQUENDAMA', '25'),
  ('76863', 'VERSALLES', '76'),
  ('05145', 'CARAMANTA', '05'),
  ('25035', 'ANAPOIMA', '25'),
  ('52418', 'LOS ANDES', '52'),
  ('18029', 'ALBANIA', '18'),
  ('76126', 'CALIMA', '76'),
  ('70702', 'SAN JUAN DE BETULIA', '70'),
  ('50680', 'SAN CARLOS DE GUAROA', '50'),
  ('68377', 'LA BELLEZA', '68'),
  ('52480', 'NARIÑO', '52'),
  ('44560', 'MANAURE', '44'),
  ('68101', 'BOLIVAR', '68'),
  ('19318', 'GUAPI', '19'),
  ('41359', 'ISNOS', '41'),
  ('25488', 'NILO', '25'),
  ('13433', 'MAHATES', '13'),
  ('25885', 'YACOPI', '25'),
  ('41306', 'GIGANTE', '41'),
  ('76243', 'EL AGUILA', '76'),
  ('52083', 'BELEN', '52'),
  ('70124', 'CAIMITO', '70'),
  ('47703', 'SAN ZENON', '47'),
  ('73275', 'FLANDES', '73'),
  ('44110', 'EL MOLINO', '44'),
  ('15808', 'TINJACA', '15'),
  ('68745', 'SIMACOTA', '68'),
  ('19585', 'PURACE', '19'),
  ('54553', 'PUERTO SANTANDER', '54'),
  ('25781', 'SUTATAUSA', '25'),
  ('68720', 'SANTA HELENA DEL OPON', '68'),
  ('13300', 'HATILLO DE LOBA', '13'),
  ('15317', 'GUACAMAYAS', '15'),
  ('68689', 'SAN VICENTE DE CHUCURI', '68'),
  ('13760', 'SOPLAVIENTO', '13'),
  ('25513', 'PACHO', '25'),
  ('50689', 'SAN MARTIN', '50'),
  ('15720', 'SATIVANORTE', '15'),
  ('23419', 'LOS CORDOBAS', '23'),
  ('41668', 'SAN AGUSTIN', '41'),
  ('52687', 'SAN LORENZO', '52'),
  ('15816', 'TOGsI', '15'),
  ('25297', 'GACHETA', '25'),
  ('19397', 'LA VEGA', '19'),
  ('85410', 'TAURAMENA', '85'),
  ('85430', 'TRINIDAD', '85'),
  ('15377', 'LABRANZAGRANDE', '15'),
  ('47692', 'SAN SEBASTIAN DE BUENAVISTA', '47'),
  ('50450', 'PUERTO CONCORDIA', '50'),
  ('15218', 'COVARACHIA', '15'),
  ('13838', 'TURBANA', '13'),
  ('68147', 'CAPITANEJO', '68'),
  ('68217', 'COROMORO', '68'),
  ('18753', 'SAN VICENTE DEL CAGUAN', '18'),
  ('68162', 'CERRITO', '68'),
  ('70717', 'SAN PEDRO', '70'),
  ('15681', 'SAN PABLO DE BORBUR', '15'),
  ('73026', 'ALVARADO', '73'),
  ('05004', 'ABRIAQUI', '05'),
  ('13188', 'CICUCO', '13'),
  ('70708', 'SAN MARCOS', '70'),
  ('68385', 'LANDAZURI', '68'),
  ('23079', 'BUENAVISTA', '23'),
  ('63212', 'CORDOBA', '63'),
  ('52520', 'FRANCISCO PIZARRO', '52'),
  ('20013', 'AGUSTIN CODAZZI', '20'),
  ('20175', 'CHIMICHAGUA', '20'),
  ('54398', 'LA PLAYA', '54'),
  ('68020', 'ALBANIA', '68'),
  ('68229', 'CURITI', '68'),
  ('66075', 'BALBOA', '66'),
  ('13647', 'SAN ESTANISLAO', '13'),
  ('20621', 'LA PAZ', '20'),
  ('15223', 'CUBARA', '15'),
  ('68235', 'EL CARMEN DE CHUCURI', '68'),
  ('52210', 'CONTADERO', '52'),
  ('15442', 'MARIPI', '15'),
  ('54172', 'CHINACOTA', '54'),
  ('27150', 'CARMEN DEL DARIEN', '27'),
  ('18205', 'CURILLO', '18');
INSERT INTO municipio (cod_municipio, nombre, cod_departamento) VALUES
  ('52560', 'POTOSI', '52'),
  ('54250', 'EL TARRA', '54'),
  ('86760', 'SANTIAGO', '86'),
  ('18460', 'MILAN', '18'),
  ('17653', 'SALAMINA', '17'),
  ('15762', 'SORA', '15'),
  ('73200', 'COELLO', '73'),
  ('63302', 'GENOVA', '63'),
  ('25019', 'ALBAN', '25'),
  ('68167', 'CHARALA', '68'),
  ('05660', 'SAN LUIS', '05'),
  ('86569', 'PUERTO CAICEDO', '86'),
  ('15500', 'OICATA', '15'),
  ('50568', 'PUERTO GAITAN', '50'),
  ('66088', 'BELEN DE UMBRIA', '66'),
  ('13655', 'SAN JACINTO DEL CAUCA', '13'),
  ('70400', 'LA UNION', '70'),
  ('25867', 'VIANI', '25'),
  ('54670', 'SAN CALIXTO', '54'),
  ('19100', 'BOLIVAR', '19'),
  ('76606', 'RESTREPO', '76'),
  ('50400', 'LEJANIAS', '50'),
  ('47205', 'CONCORDIA', '47'),
  ('41660', 'SALADOBLANCO', '41'),
  ('13160', 'CANTAGALLO', '13'),
  ('52565', 'PROVIDENCIA', '52'),
  ('52352', 'ILES', '52'),
  ('66383', 'LA CELIA', '66'),
  ('86001', 'MOCOA', '86'),
  ('27660', 'SAN JOSE DEL PALMAR', '27'),
  ('41524', 'PALERMO', '41'),
  ('68855', 'VALLE DE SAN JOSE', '68'),
  ('52287', 'FUNES', '52'),
  ('13440', 'MARGARITA', '13'),
  ('25718', 'SASAIMA', '25'),
  ('47798', 'TENERIFE', '47'),
  ('27073', 'BAGADO', '27'),
  ('70678', 'SAN BENITO ABAD', '70'),
  ('68573', 'PUERTO PARRA', '68'),
  ('15476', 'MOTAVITA', '15'),
  ('52381', 'LA FLORIDA', '52'),
  ('99624', 'SANTA ROSALIA', '99'),
  ('54174', 'CHITAGA', '54'),
  ('52835', 'SAN ANDRES DE TUMACO', '52'),
  ('47161', 'CERRO SAN ANTONIO', '47'),
  ('52203', 'COLON', '52'),
  ('27135', 'EL CANTON DEL SAN PABLO', '27'),
  ('18479', 'MORELIA', '18'),
  ('15776', 'SUTAMARCHAN', '15'),
  ('15325', 'GUAYATA', '15'),
  ('70110', 'BUENAVISTA', '70'),
  ('20770', 'SAN MARTIN', '20'),
  ('52390', 'LA TOLA', '52'),
  ('73770', 'SUAREZ', '73'),
  ('76246', 'EL CAIRO', '76'),
  ('20570', 'PUEBLO BELLO', '20'),
  ('68264', 'ENCINO', '68'),
  ('19212', 'CORINTO', '19'),
  ('76845', 'ULLOA', '76'),
  ('13683', 'SANTA ROSA', '13'),
  ('05495', 'NECHI', '05'),
  ('15131', 'CALDAS', '15'),
  ('95001', 'SAN JOSE DEL GUAVIARE', '95'),
  ('85136', 'LA SALINA', '85'),
  ('13600', 'RIO VIEJO', '13'),
  ('25402', 'LA VEGA', '25'),
  ('25288', 'FUQUENE', '25'),
  ('52227', 'CUMBAL', '52'),
  ('15660', 'SAN EDUARDO', '15'),
  ('19824', 'TOTORO', '19'),
  ('20178', 'CHIRIGUANA', '20'),
  ('27160', 'CERTEGUI', '27'),
  ('68296', 'GALAN', '68'),
  ('19364', 'JAMBALO', '19'),
  ('52693', 'SAN PABLO', '52'),
  ('76377', 'LA CUMBRE', '76'),
  ('25871', 'VILLAGOMEZ', '25'),
  ('15839', 'TUTAZA', '15'),
  ('54480', 'MUTISCUA', '54'),
  ('25491', 'NOCAIMA', '25'),
  ('23300', 'COTORRA', '23'),
  ('68266', 'ENCISO', '68'),
  ('73283', 'FRESNO', '73'),
  ('23464', 'MOMIL', '23'),
  ('27205', 'CONDOTO', '27'),
  ('15276', 'FLORESTA', '15'),
  ('19075', 'BALBOA', '19'),
  ('13222', 'CLEMENCIA', '13'),
  ('68575', 'PUERTO WILCHES', '68'),
  ('99524', 'LA PRIMAVERA', '99'),
  ('20032', 'ASTREA', '20'),
  ('15667', 'SAN LUIS DE GACENO', '15'),
  ('15572', 'PUERTO BOYACA', '15'),
  ('15511', 'PACHAVITA', '15'),
  ('25120', 'CABRERA', '25'),
  ('25317', 'GUACHETA', '25'),
  ('73270', 'FALAN', '73'),
  ('05197', 'COCORNA', '05'),
  ('13688', 'SANTA ROSA DEL SUR', '13'),
  ('68160', 'CEPITA', '68');
INSERT INTO municipio (cod_municipio, nombre, cod_departamento) VALUES
  ('76250', 'EL DOVIO', '76'),
  ('68418', 'LOS SANTOS', '68'),
  ('52427', 'MAGsI', '52'),
  ('54743', 'SILOS', '54'),
  ('18256', 'EL PAUJIL', '18'),
  ('54673', 'SAN CAYETANO', '54'),
  ('19300', 'GUACHENE', '19'),
  ('44035', 'ALBANIA', '44'),
  ('15047', 'AQUITANIA', '15'),
  ('19622', 'ROSAS', '19'),
  ('13248', 'EL GUAMO', '13'),
  ('15774', 'SUSACON', '15'),
  ('76100', 'BOLIVAR', '76'),
  ('47318', 'GUAMAL', '47'),
  ('68179', 'CHIPATA', '68'),
  ('73152', 'CASABIANCA', '73'),
  ('68271', 'FLORIAN', '68'),
  ('68121', 'CABRERA', '68'),
  ('25154', 'CARMEN DE CARUPA', '25'),
  ('73520', 'PALOCABILDO', '73'),
  ('15224', 'CUCAITA', '15'),
  ('23500', 'MOÑITOS', '23'),
  ('70265', 'GUARANDA', '70'),
  ('17088', 'BELALCAZAR', '17'),
  ('15507', 'OTANCHE', '15'),
  ('15676', 'SAN MIGUEL DE SEMA', '15'),
  ('68406', 'LEBRIJA', '68'),
  ('50686', 'SAN JUANITO', '50'),
  ('86755', 'SAN FRANCISCO', '86'),
  ('17867', 'VICTORIA', '17'),
  ('47551', 'PIVIJAY', '47'),
  ('05658', 'SAN JOSE DE LA MONTAÑA', '05'),
  ('15051', 'ARCABUCO', '15'),
  ('52207', 'CONSACA', '52'),
  ('68464', 'MOGOTES', '68'),
  ('13780', 'TALAIGUA NUEVO', '13'),
  ('25797', 'TENA', '25'),
  ('85230', 'OROCUE', '85'),
  ('19450', 'MERCADERES', '19'),
  ('50711', 'VISTAHERMOSA', '50'),
  ('68770', 'SUAITA', '68'),
  ('15464', 'MONGUA', '15'),
  ('68245', 'EL GUACAMAYO', '68'),
  ('52036', 'ANCUYA', '52'),
  ('47541', 'PEDRAZA', '47'),
  ('68522', 'PALMAR', '68'),
  ('15172', 'CHINAVITA', '15'),
  ('47570', 'PUEBLOVIEJO', '47'),
  ('05591', 'PUERTO TRIUNFO', '05'),
  ('73555', 'PLANADAS', '73'),
  ('19821', 'TORIBIO', '19'),
  ('27413', 'LLORO', '27'),
  ('25181', 'CHOACHI', '25'),
  ('68872', 'VILLANUEVA', '68'),
  ('41885', 'YAGUARA', '41'),
  ('44378', 'HATONUEVO', '44'),
  ('68318', 'GUACA', '68'),
  ('66594', 'QUINCHIA', '66'),
  ('95015', 'CALAMAR', '95'),
  ('15822', 'TOTA', '15'),
  ('52685', 'SAN BERNARDO', '52'),
  ('27361', 'ISTMINA', '27'),
  ('81591', 'PUERTO RONDON', '81'),
  ('15183', 'CHITA', '15'),
  ('68820', 'TONA', '68'),
  ('70771', 'SUCRE', '70'),
  ('25436', 'MANTA', '25'),
  ('70823', 'TOLU VIEJO', '70'),
  ('25506', 'VENECIA', '25'),
  ('15835', 'TURMEQUE', '15'),
  ('13442', 'MARIA LA BAJA', '13'),
  ('15494', 'NUEVO COLON', '15'),
  ('52694', 'SAN PEDRO DE CARTAGO', '52'),
  ('23855', 'VALENCIA', '23'),
  ('25293', 'GACHALA', '25'),
  ('25095', 'BITUIMA', '25'),
  ('50223', 'CUBARRAL', '50'),
  ('68780', 'SURATA', '68'),
  ('73226', 'CUNDAY', '73'),
  ('25736', 'SESQUILE', '25'),
  ('23580', 'PUERTO LIBERTADOR', '23'),
  ('15189', 'CIENEGA', '15'),
  ('20787', 'TAMALAMEQUE', '20'),
  ('54344', 'HACARI', '54'),
  ('66687', 'SANTUARIO', '66'),
  ('25845', 'UNE', '25'),
  ('13052', 'ARJONA', '13'),
  ('44078', 'BARRANCAS', '44'),
  ('15407', 'VILLA DE LEYVA', '15'),
  ('19110', 'BUENOS AIRES', '19'),
  ('52233', 'CUMBITARA', '52'),
  ('25769', 'SUBACHOQUE', '25'),
  ('85300', 'SABANALARGA', '85'),
  ('15248', 'EL ESPINO', '15'),
  ('05055', 'ARGELIA', '05'),
  ('47675', 'SALAMINA', '47'),
  ('70523', 'PALMITO', '70'),
  ('41006', 'ACEVEDO', '41'),
  ('17446', 'MARULANDA', '17'),
  ('73686', 'SANTA ISABEL', '73');
INSERT INTO municipio (cod_municipio, nombre, cod_departamento) VALUES
  ('05002', 'ABEJORRAL', '05'),
  ('25777', 'SUPATA', '25'),
  ('70742', 'SAN LUIS DE SINCE', '70'),
  ('85263', 'PORE', '85'),
  ('05607', 'RETIRO', '05'),
  ('54125', 'CACOTA', '54'),
  ('15757', 'SOCHA', '15'),
  ('25489', 'NIMAIMA', '25'),
  ('68500', 'OIBA', '68'),
  ('15455', 'MIRAFLORES', '15'),
  ('05819', 'TOLEDO', '05'),
  ('68468', 'MOLAGAVITA', '68'),
  ('68092', 'BETULIA', '68'),
  ('23068', 'AYAPEL', '23'),
  ('15755', 'SOCOTA', '15'),
  ('86749', 'SIBUNDOY', '86'),
  ('54418', 'LOURDES', '54'),
  ('15212', 'COPER', '15'),
  ('25793', 'TAUSA', '25'),
  ('20443', 'MANAURE', '20'),
  ('47268', 'EL RETEN', '47'),
  ('17662', 'SAMANA', '17'),
  ('44650', 'SAN JUAN DEL CESAR', '44'),
  ('27430', 'MEDIO BAUDO', '27'),
  ('25483', 'NARIÑO', '25'),
  ('47660', 'SABANAS DE SAN ANGEL', '47'),
  ('73861', 'VENADILLO', '73'),
  ('54660', 'SALAZAR', '54'),
  ('19785', 'SUCRE', '19'),
  ('52720', 'SAPUYES', '52'),
  ('27810', 'UNION PANAMERICANA', '27'),
  ('68686', 'SAN MIGUEL', '68'),
  ('17877', 'VITERBO', '17'),
  ('41349', 'HOBO', '41'),
  ('68320', 'GUADALUPE', '68'),
  ('52254', 'EL PEÑOL', '52'),
  ('25839', 'UBALA', '25'),
  ('13580', 'REGIDOR', '13'),
  ('41013', 'AGRADO', '41'),
  ('25873', 'VILLAPINZON', '25'),
  ('05647', 'SAN ANDRES DE CUERQUIA', '05'),
  ('41396', 'LA PLATA', '41'),
  ('15226', 'CUITIVA', '15'),
  ('52573', 'PUERRES', '52'),
  ('23678', 'SAN CARLOS', '23'),
  ('27615', 'RIOSUCIO', '27'),
  ('25372', 'JUNIN', '25'),
  ('54810', 'TIBU', '54'),
  ('15466', 'MONGUI', '15'),
  ('15542', 'PESCA', '15'),
  ('15879', 'VIRACACHA', '15'),
  ('25594', 'QUETAME', '25'),
  ('15686', 'SANTANA', '15'),
  ('66572', 'PUEBLO RICO', '66'),
  ('13212', 'CORDOBA', '13'),
  ('27600', 'RIO QUITO', '27'),
  ('52540', 'POLICARPA', '52'),
  ('19807', 'TIMBIO', '19'),
  ('19533', 'PIAMONTE', '19'),
  ('13744', 'SIMITI', '13'),
  ('05756', 'SONSON', '05'),
  ('05467', 'MONTEBELLO', '05'),
  ('25426', 'MACHETA', '25'),
  ('15090', 'BERBEO', '15'),
  ('15236', 'CHIVOR', '15'),
  ('44855', 'URUMITA', '44'),
  ('73504', 'ORTEGA', '73'),
  ('25339', 'GUTIERREZ', '25'),
  ('52019', 'ALBAN', '52'),
  ('52022', 'ALDANA', '52'),
  ('68152', 'CARCASI', '68'),
  ('05113', 'BURITICA', '05'),
  ('05893', 'YONDO', '05'),
  ('25335', 'GUAYABETAL', '25'),
  ('15778', 'SUTATENZA', '15'),
  ('19256', 'EL TAMBO', '19'),
  ('68327', 'GsEPSA', '68'),
  ('68572', 'PUENTE NACIONAL', '68'),
  ('18094', 'BELEN DE LOS ANDAQUIES', '18'),
  ('15480', 'MUZO', '15'),
  ('70508', 'OVEJAS', '70'),
  ('50270', 'EL DORADO', '50'),
  ('19517', 'PAEZ', '19'),
  ('68013', 'AGUADA', '68'),
  ('70230', 'CHALAN', '70'),
  ('15469', 'MONIQUIRA', '15'),
  ('15522', 'PANQUEBA', '15'),
  ('68425', 'MACARAVITA', '68'),
  ('15514', 'PAEZ', '15'),
  ('19473', 'MORALES', '19'),
  ('41357', 'IQUIRA', '41'),
  ('41801', 'TERUEL', '41'),
  ('20045', 'BECERRIL', '20'),
  ('85139', 'MANI', '85'),
  ('13894', 'ZAMBRANO', '13'),
  ('15696', 'SANTA SOFIA', '15'),
  ('85015', 'CHAMEZA', '85'),
  ('15368', 'JERICO', '15'),
  ('19548', 'PIENDAMO', '19'),
  ('73616', 'RIOBLANCO', '73');
INSERT INTO municipio (cod_municipio, nombre, cod_departamento) VALUES
  ('15531', 'PAUNA', '15'),
  ('25779', 'SUSA', '25'),
  ('68211', 'CONTRATACION', '68'),
  ('15842', 'UMBITA', '15'),
  ('20310', 'GONZALEZ', '20'),
  ('15491', 'NOBSA', '15'),
  ('27450', 'MEDIO SAN JUAN', '27'),
  ('25281', 'FOSCA', '25'),
  ('52786', 'TAMINANGO', '52'),
  ('25260', 'EL ROSAL', '25'),
  ('19513', 'PADILLA', '19'),
  ('50313', 'GRANADA', '50'),
  ('68169', 'CHARTA', '68'),
  ('41799', 'TELLO', '41'),
  ('50573', 'PUERTO LOPEZ', '50'),
  ('52323', 'GUALMATAN', '52'),
  ('54520', 'PAMPLONITA', '54'),
  ('52320', 'GUAITARILLA', '52'),
  ('27580', 'RIO IRO', '27'),
  ('25407', 'LENGUAZAQUE', '25'),
  ('54128', 'CACHIRA', '54'),
  ('25168', 'CHAGUANI', '25'),
  ('68533', 'PARAMO', '68'),
  ('41518', 'PAICOL', '41'),
  ('19455', 'MIRANDA', '19'),
  ('47545', 'PIJIÑO DEL CARMEN', '47'),
  ('73408', 'LERIDA', '73'),
  ('17616', 'RISARALDA', '17'),
  ('47460', 'NUEVA GRANADA', '47'),
  ('41078', 'BARAYA', '41'),
  ('17495', 'NORCASIA', '17'),
  ('20750', 'SAN DIEGO', '20'),
  ('41872', 'VILLAVIEJA', '41'),
  ('52224', 'CUASPUD', '52'),
  ('76054', 'ARGELIA', '76'),
  ('25658', 'SAN FRANCISCO', '25'),
  ('95025', 'EL RETORNO', '95'),
  ('18785', 'SOLITA', '18'),
  ('47960', 'ZAPAYAN', '47'),
  ('20295', 'GAMARRA', '20'),
  ('25898', 'ZIPACON', '25'),
  ('15162', 'CERINZA', '15'),
  ('86219', 'COLON', '86'),
  ('86568', 'PUERTO ASIS', '86'),
  ('54347', 'HERRAN', '54'),
  ('15632', 'SABOYA', '15'),
  ('19137', 'CALDONO', '19'),
  ('68176', 'CHIMA', '68'),
  ('52405', 'LEIVA', '52'),
  ('13490', 'NOROSI', '13'),
  ('18410', 'LA MONTAÑITA', '18'),
  ('41530', 'PALESTINA', '41'),
  ('23168', 'CHIMA', '23'),
  ('68705', 'SANTA BARBARA', '68'),
  ('73148', 'CARMEN DE APICALA', '73'),
  ('15332', 'GsICAN', '15'),
  ('66045', 'APIA', '66'),
  ('52585', 'PUPIALES', '52'),
  ('15187', 'CHIVATA', '15'),
  ('25878', 'VIOTA', '25'),
  ('41676', 'SANTA MARIA', '41'),
  ('73873', 'VILLARRICA', '73'),
  ('13473', 'MORALES', '13'),
  ('86885', 'VILLAGARZON', '86'),
  ('15109', 'BUENAVISTA', '15'),
  ('68298', 'GAMBITA', '68'),
  ('15401', 'LA VICTORIA', '15'),
  ('15104', 'BOYACA', '15'),
  ('44847', 'URIBIA', '44'),
  ('68673', 'SAN BENITO', '68'),
  ('15790', 'TASCO', '15'),
  ('25148', 'CAPARRAPI', '25'),
  ('15322', 'GUATEQUE', '15'),
  ('19693', 'SAN SEBASTIAN', '19'),
  ('05206', 'CONCEPCION', '05'),
  ('54109', 'BUCARASICA', '54'),
  ('68397', 'LA PAZ', '68'),
  ('68498', 'OCAMONTE', '68'),
  ('17513', 'PACORA', '17'),
  ('68432', 'MALAGA', '68'),
  ('73352', 'ICONONZO', '73'),
  ('85225', 'NUNCHIA', '85'),
  ('86757', 'SAN MIGUEL', '86'),
  ('15087', 'BELEN', '15'),
  ('15296', 'GAMEZA', '15'),
  ('27001', 'QUIBDO', '27'),
  ('19809', 'TIMBIQUI', '19'),
  ('13549', 'PINILLOS', '13'),
  ('85315', 'SACAMA', '85'),
  ('76041', 'ANSERMANUEVO', '76'),
  ('41503', 'OPORAPA', '41'),
  ('41797', 'TESALIA', '41'),
  ('85125', 'HATO COROZAL', '85'),
  ('25326', 'GUATAVITA', '25'),
  ('68051', 'ARATOCA', '68'),
  ('19701', 'SANTA ROSA', '19'),
  ('50606', 'RESTREPO', '50'),
  ('25841', 'UBAQUE', '25'),
  ('15740', 'SIACHOQUE', '15'),
  ('20383', 'LA GLORIA', '20');
INSERT INTO municipio (cod_municipio, nombre, cod_departamento) VALUES
  ('05313', 'GRANADA', '05'),
  ('13430', 'MAGANGUE', '13'),
  ('15806', 'TIBASOSA', '15'),
  ('25823', 'TOPAIPI', '25'),
  ('05475', 'MURINDO', '05'),
  ('54800', 'TEORAMA', '54'),
  ('25535', 'PASCA', '25'),
  ('68250', 'EL PEÑON', '68'),
  ('73675', 'SAN ANTONIO', '73'),
  ('15832', 'TUNUNGUA', '15'),
  ('52378', 'LA CRUZ', '52'),
  ('50318', 'GUAMAL', '50'),
  ('47258', 'EL PIÑON', '47'),
  ('15764', 'SORACA', '15'),
  ('15537', 'PAZ DE RIO', '15'),
  ('68344', 'HATO', '68'),
  ('47707', 'SANTA ANA', '47'),
  ('76233', 'DAGUA', '76'),
  ('52678', 'SAMANIEGO', '52'),
  ('05400', 'LA UNION', '05'),
  ('23675', 'SAN BERNARDO DEL VIENTO', '23'),
  ('50577', 'PUERTO LLERAS', '50'),
  ('86320', 'ORITO', '86'),
  ('25612', 'RICAURTE', '25'),
  ('52612', 'RICAURTE', '52'),
  ('25258', 'EL PEÑON', '25'),
  ('52683', 'SANDONA', '52'),
  ('44090', 'DIBULLA', '44'),
  ('15362', 'IZA', '15'),
  ('13030', 'ALTOS DEL ROSARIO', '13'),
  ('68444', 'MATANZA', '68'),
  ('68684', 'SAN JOSE DE MIRANDA', '68'),
  ('15106', 'BRICEÑO', '15'),
  ('68682', 'SAN JOAQUIN', '68'),
  ('73870', 'VILLAHERMOSA', '73'),
  ('15022', 'ALMEIDA', '15'),
  ('73236', 'DOLORES', '73'),
  ('52317', 'GUACHUCAL', '52'),
  ('18592', 'PUERTO RICO', '18'),
  ('73547', 'PIEDRAS', '73'),
  ('73461', 'MURILLO', '73'),
  ('17433', 'MANZANARES', '17'),
  ('15861', 'VENTAQUEMADA', '15'),
  ('25772', 'SUESCA', '25'),
  ('52696', 'SANTA BARBARA', '52'),
  ('25245', 'EL COLEGIO', '25'),
  ('52473', 'MOSQUERA', '52'),
  ('68669', 'SAN ANDRES', '68'),
  ('52788', 'TANGUA', '52'),
  ('68132', 'CALIFORNIA', '68'),
  ('68324', 'GUAVATA', '68'),
  ('50006', 'ACACIAS', '50'),
  ('15232', 'CHIQUIZA', '15'),
  ('23574', 'PUERTO ESCONDIDO', '23'),
  ('13654', 'SAN JACINTO', '13'),
  ('15550', 'PISBA', '15'),
  ('52885', 'YACUANQUER', '52'),
  ('25053', 'ARBELAEZ', '25'),
  ('47720', 'SANTA BARBARA DE PINTO', '47'),
  ('20614', 'RIO DE ORO', '20'),
  ('25524', 'PANDI', '25'),
  ('47053', 'ARACATACA', '47'),
  ('54680', 'SANTIAGO', '54'),
  ('52260', 'EL TAMBO', '52'),
  ('44279', 'FONSECA', '44'),
  ('68549', 'PINCHOTE', '68'),
  ('05628', 'SABANALARGA', '05'),
  ('13673', 'SANTA CATALINA', '13'),
  ('63548', 'PIJAO', '63'),
  ('15763', 'SOTAQUIRA', '15'),
  ('25653', 'SAN CAYETANO', '25'),
  ('17042', 'ANSERMA', '17'),
  ('73043', 'ANZOATEGUI', '73'),
  ('44098', 'DISTRACCION', '44'),
  ('17541', 'PENSILVANIA', '17'),
  ('52699', 'SANTACRUZ', '52'),
  ('52256', 'EL ROSARIO', '52'),
  ('68079', 'BARICHARA', '68'),
  ('17524', 'PALESTINA', '17'),
  ('70235', 'GALERAS', '70'),
  ('52240', 'CHACHAGsI', '52'),
  ('19022', 'ALMAGUER', '19'),
  ('25368', 'JERUSALEN', '25'),
  ('47605', 'REMOLINO', '47'),
  ('54206', 'CONVENCION', '54'),
  ('50150', 'CASTILLA LA NUEVA', '50'),
  ('68322', 'GUAPOTA', '68'),
  ('13810', 'TIQUISIO', '13'),
  ('13042', 'ARENAL', '13'),
  ('66456', 'MISTRATO', '66'),
  ('52399', 'LA UNION', '52'),
  ('68368', 'JESUS MARIA', '68'),
  ('41206', 'COLOMBIA', '41'),
  ('15690', 'SANTA MARIA', '15'),
  ('15646', 'SAMACA', '15'),
  ('85325', 'SAN LUIS DE PALENQUE', '85'),
  ('50683', 'SAN JUAN DE ARAMA', '50'),
  ('19392', 'LA SIERRA', '19'),
  ('15518', 'PAJARITO', '15'),
  ('17614', 'RIOSUCIO', '17');
INSERT INTO municipio (cod_municipio, nombre, cod_departamento) VALUES
  ('68524', 'PALMAS DEL SOCORRO', '68'),
  ('18247', 'EL DONCELLO', '18'),
  ('15114', 'BUSBANZA', '15'),
  ('25312', 'GRANADA', '25'),
  ('73854', 'VALLE DE SAN JUAN', '73'),
  ('25178', 'CHIPAQUE', '25'),
  ('25438', 'MEDINA', '25'),
  ('19743', 'SILVIA', '19'),
  ('20517', 'PAILITAS', '20'),
  ('52490', 'OLAYA HERRERA', '52'),
  ('68861', 'VELEZ', '68'),
  ('25324', 'GUATAQUI', '25'),
  ('23586', 'PURISIMA', '23'),
  ('25320', 'GUADUAS', '25'),
  ('68207', 'CONCEPCION', '68'),
  ('25295', 'GACHANCIPA', '25'),
  ('23090', 'CANALETE', '23'),
  ('73624', 'ROVIRA', '73'),
  ('47170', 'CHIBOLO', '47'),
  ('15244', 'EL COCUY', '15'),
  ('15135', 'CAMPOHERMOSO', '15'),
  ('20400', 'LA JAGUA DE IBIRICO', '20'),
  ('73217', 'COYAIMA', '73'),
  ('86865', 'VALLE DEL GUAMUEZ', '86'),
  ('70418', 'LOS PALMITOS', '70'),
  ('54377', 'LABATECA', '54'),
  ('73067', 'ATACO', '73'),
  ('13670', 'SAN PABLO', '13'),
  ('05809', 'TITIRIBI', '05'),
  ('41807', 'TIMANA', '41'),
  ('68773', 'SUCRE', '68'),
  ('25486', 'NEMOCON', '25'),
  ('70429', 'MAJAGUAL', '70'),
  ('15693', 'SANTA ROSA DE VITERBO', '15'),
  ('68615', 'RIONEGRO', '68'),
  ('41615', 'RIVERA', '41'),
  ('50124', 'CABUYARO', '50'),
  ('73622', 'RONCESVALLES', '73'),
  ('15837', 'TUTA', '15'),
  ('15533', 'PAYA', '15'),
  ('25745', 'SIMIJACA', '25'),
  ('18756', 'SOLANO', '18'),
  ('15097', 'BOAVITA', '15'),
  ('41378', 'LA ARGENTINA', '41'),
  ('41026', 'ALTAMIRA', '41'),
  ('15723', 'SATIVASUR', '15'),
  ('47980', 'ZONA BANANERA', '47'),
  ('85279', 'RECETOR', '85'),
  ('18150', 'CARTAGENA DEL CHAIRA', '18'),
  ('13873', 'VILLANUEVA', '13'),
  ('17013', 'AGUADAS', '17'),
  ('25001', 'AGUA DE DIOS', '25'),
  ('05086', 'BELMIRA', '05'),
  ('25807', 'TIBIRITA', '25'),
  ('13650', 'SAN FERNANDO', '13'),
  ('85250', 'PAZ DE ARIPORO', '85'),
  ('47745', 'SITIONUEVO', '47'),
  ('54599', 'RAGONVALIA', '54'),
  ('50251', 'EL CASTILLO', '50'),
  ('68502', 'ONZAGA', '68'),
  ('05040', 'ANORI', '05'),
  ('25086', 'BELTRAN', '25'),
  ('13620', 'SAN CRISTOBAL', '13'),
  ('25662', 'SAN JUAN DE RIO SECO', '25'),
  ('52258', 'EL TABLON DE GOMEZ', '52'),
  ('05674', 'SAN VICENTE', '05'),
  ('05483', 'NARIÑO', '05'),
  ('25851', 'UTICA', '25'),
  ('13062', 'ARROYOHONDO', '13'),
  ('13074', 'BARRANCO DE LOBA', '13'),
  ('15403', 'LA UVITA', '15'),
  ('15761', 'SOMONDOCO', '15'),
  ('68895', 'ZAPATOCA', '68'),
  ('52838', 'TUQUERRES', '52'),
  ('15673', 'SAN MATEO', '15'),
  ('73024', 'ALPUJARRA', '73'),
  ('41016', 'AIPE', '41'),
  ('25224', 'CUCUNUBA', '25'),
  ('15897', 'ZETAQUIRA', '15'),
  ('15092', 'BETEITIVA', '15'),
  ('19290', 'FLORENCIA', '19'),
  ('05652', 'SAN FRANCISCO', '05'),
  ('27245', 'EL CARMEN DE ATRATO', '27'),
  ('52385', 'LA LLANADA', '52'),
  ('54261', 'EL ZULIA', '54'),
  ('15293', 'GACHANTIVA', '15'),
  ('15180', 'CHISCAS', '15'),
  ('19130', 'CAJIBIO', '19');

-- ------------------------------------------------------------
-- 4. INDICADOR
-- ------------------------------------------------------------
INSERT IGNORE INTO indicador (id_indicador, descripcion) VALUES
  (2381, 'Municipios con red de fibra óptica en operación');

-- ------------------------------------------------------------
-- 5. PROYECTO_FIBRA (788 registros)
-- ------------------------------------------------------------
INSERT INTO proyecto_fibra
  (cod_municipio, id_indicador, fecha_operacion, fecha_fin_operacion,
   estado_actual, inversion_fontic, inversion_contrapartida,
   inversion_total, fecha_cargue, fecha_vigencia)
VALUES
  ('23682',2381,'2014-02-13','2029-02-13','En Operación',552241234,617321266,1169562500,'2023-10-31','2023-12-31'),
  ('68370',2381,'2014-02-13','2029-02-13','En Operación',552241234,873691198,1425932432,'2023-10-31','2023-12-31'),
  ('25805',2381,'2013-06-13','2028-06-13','En Operación',552241234,791624619,1343865853,'2023-10-31','2023-12-31'),
  ('25299',2381,'2014-02-13','2029-02-13','En Operación',552241234,791624619,1343865853,'2023-10-31','2023-12-31'),
  ('54099',2381,'2013-01-11','2028-01-11','En Operación',552241234,805952314,1358193548,'2023-10-31','2023-12-31'),
  ('17442',2381,'2013-01-11','2028-01-11','En Operación',552241234,548464648,1100705882,'2023-10-31','2023-12-31'),
  ('52051',2381,'2013-01-11','2028-01-11','En Operación',552241234,772403927,1324645161,'2023-10-31','2023-12-31'),
  ('41244',2381,'2014-07-26','2029-07-26','En Operación',552241234,613364826,1165606060,'2023-10-31','2023-12-31'),
  ('15580',2381,'2014-02-13','2029-02-13','En Operación',552241234,733330194,1285571428,'2023-10-31','2023-12-31'),
  ('15804',2381,'2013-06-13','2028-06-13','En Operación',552241234,733330194,1285571428,'2023-10-31','2023-12-31'),
  ('15204',2381,'2013-06-13','2028-06-13','En Operación',552241234,733330194,1285571428,'2023-10-31','2023-12-31'),
  ('25815',2381,'2013-01-11','2028-01-11','En Operación',552241234,791624619,1343865853,'2023-10-31','2023-12-31'),
  ('25328',2381,'2013-01-11','2028-01-11','En Operación',552241234,791624619,1343865853,'2023-10-31','2023-12-31'),
  ('70204',2381,'2013-06-13','2028-06-13','En Operación',552241234,573980988,1126222222,'2023-10-31','2023-12-31'),
  ('54245',2381,'2014-08-12','2029-08-12','En Operación',552241234,805952314,1358193548,'2023-10-31','2023-12-31'),
  ('25518',2381,'2013-06-13','2028-06-13','En Operación',552241234,791624619,1343865853,'2023-10-31','2023-12-31'),
  ('17272',2381,'2013-01-11','2028-01-11','En Operación',552241234,548464648,1100705882,'2023-10-31','2023-12-31'),
  ('15272',2381,'2013-06-13','2028-06-13','En Operación',552241234,733330194,1285571428,'2023-10-31','2023-12-31'),
  ('17388',2381,'2013-01-11','2028-01-11','En Operación',552241234,548464648,1100705882,'2023-10-31','2023-12-31'),
  ('63690',2381,'2013-06-13','2028-06-13','En Operación',552241234,591358766,1143600000,'2023-10-31','2023-12-31'),
  ('54239',2381,'2013-01-11','2028-01-11','En Operación',552241234,805952314,1358193548,'2023-10-31','2023-12-31'),
  ('25596',2381,'2013-01-11','2028-01-11','En Operación',552241234,791624619,1343865853,'2023-10-31','2023-12-31'),
  ('15664',2381,'2014-02-13','2029-02-13','En Operación',552241234,733330194,1285571428,'2023-10-31','2023-12-31'),
  ('73030',2381,'2013-01-11','2028-01-11','En Operación',552241234,695273051,1247514285,'2023-10-31','2023-12-31'),
  ('81794',2381,'2014-07-26','2029-07-26','En Operación',552241234,660758766,1213000000,'2023-10-31','2023-12-31'),
  ('05361',2381,'2014-02-13','2029-02-13','En Operación',552241234,722113604,1274354838,'2023-10-31','2023-12-31'),
  ('52079',2381,'2014-07-26','2029-07-26','En Operación',552241234,772403927,1324645161,'2023-10-31','2023-12-31'),
  ('27491',2381,'2014-07-26','2029-07-26','En Operación',552241234,842969292,1395210526,'2023-10-31','2023-12-31'),
  ('17665',2381,'2013-01-11','2028-01-11','En Operación',552241234,548464648,1100705882,'2023-10-31','2023-12-31'),
  ('54385',2381,'2013-06-13','2028-06-13','En Operación',552241234,805952314,1358193548,'2023-10-31','2023-12-31'),
  ('19355',2381,'2014-07-26','2029-07-26','En Operación',552241234,747258766,1299500000,'2023-10-31','2023-12-31'),
  ('25592',2381,'2013-01-11','2028-01-11','En Operación',552241234,791624619,1343865853,'2023-10-31','2023-12-31'),
  ('15820',2381,'2014-02-13','2029-02-13','En Operación',552241234,733330194,1285571428,'2023-10-31','2023-12-31'),
  ('85400',2381,'2014-02-13','2029-02-13','En Operación',552241234,868558766,1420800000,'2023-10-31','2023-12-31'),
  ('52354',2381,'2013-01-11','2028-01-11','En Operación',552241234,772403927,1324645161,'2023-10-31','2023-12-31'),
  ('05044',2381,'2013-01-11','2028-01-11','En Operación',552241234,722113604,1274354838,'2023-10-31','2023-12-31'),
  ('50287',2381,'2013-01-11','2028-01-11','En Operación',552241234,803758766,1356000000,'2023-10-31','2023-12-31'),
  ('54223',2381,'2013-01-11','2028-01-11','En Operación',552241234,805952314,1358193548,'2023-10-31','2023-12-31'),
  ('25123',2381,'2013-01-11','2028-01-11','En Operación',552241234,791624619,1343865853,'2023-10-31','2023-12-31'),
  ('15621',2381,'2013-06-13','2028-06-13','En Operación',552241234,733330194,1285571428,'2023-10-31','2023-12-31'),
  ('63111',2381,'2013-06-13','2028-06-13','En Operación',552241234,591358766,1143600000,'2023-10-31','2023-12-31'),
  ('18610',2381,'2014-07-26','2029-07-26','En Operación',552241234,695292099,1247533333,'2023-10-31','2023-12-31'),
  ('05543',2381,'2013-01-11','2028-01-11','En Operación',552241234,722113604,1274354838,'2023-10-31','2023-12-31'),
  ('25862',2381,'2013-01-11','2028-01-11','En Operación',552241234,791624619,1343865853,'2023-10-31','2023-12-31'),
  ('05107',2381,'2013-01-11','2028-01-11','En Operación',552241234,722113604,1274354838,'2023-10-31','2023-12-31'),
  ('86571',2381,'2014-11-19','2029-11-19','En Operación',552241234,574008766,1126250000,'2023-10-31','2023-12-31'),
  ('15600',2381,'2013-06-13','2028-06-13','En Operación',552241234,733330194,1285571428,'2023-10-31','2023-12-31'),
  ('13268',2381,'2013-06-13','2028-06-13','En Operación',552241234,769530194,1321771428,'2023-10-31','2023-12-31'),
  ('68867',2381,'2013-01-11','2028-01-11','En Operación',552241234,873691198,1425932432,'2023-10-31','2023-12-31'),
  ('15753',2381,'2014-02-13','2029-02-13','En Operación',552241234,733330194,1285571428,'2023-10-31','2023-12-31'),
  ('05031',2381,'2013-01-11','2028-01-11','En Operación',552241234,722113604,1274354838,'2023-10-31','2023-12-31'),
  ('41020',2381,'2014-07-26','2029-07-26','En Operación',552241234,613364826,1165606060,'2023-10-31','2023-12-31'),
  ('52250',2381,'2015-11-25','2030-11-25','En Operación',552241234,772403927,1324645161,'2023-10-31','2023-12-31'),
  ('19780',2381,'2014-07-28','2029-07-28','En Operación',552241234,747258766,1299500000,'2023-10-31','2023-12-31'),
  ('25394',2381,'2013-06-13','2028-06-13','En Operación',552241234,791624619,1343865853,'2023-10-31','2023-12-31'),
  ('50245',2381,'2014-02-13','2029-02-13','En Operación',552241234,803758766,1356000000,'2023-10-31','2023-12-31'),
  ('68255',2381,'2013-01-11','2028-01-11','En Operación',552241234,873691198,1425932432,'2023-10-31','2023-12-31'),
  ('15380',2381,'2014-02-13','2029-02-13','En Operación',552241234,733330194,1285571428,'2023-10-31','2023-12-31'),
  ('15185',2381,'2014-02-13','2029-02-13','En Operación',552241234,733330194,1285571428,'2023-10-31','2023-12-31'),
  ('15367',2381,'2013-06-13','2028-06-13','En Operación',552241234,733330194,1285571428,'2023-10-31','2023-12-31'),
  ('44420',2381,'2013-06-13','2028-06-13','En Operación',552241234,530675432,1082916666,'2023-10-31','2023-12-31'),
  ('52621',2381,'2014-07-26','2029-07-26','En Operación',552241234,772403927,1324645161,'2023-10-31','2023-12-31'),
  ('20250',2381,'2013-06-13','2028-06-13','En Operación',552241234,519821266,1072062500,'2023-10-31','2023-12-31'),
  ('41548',2381,'2014-07-08','2029-07-08','En Operación',552241234,613364826,1165606060,'2023-10-31','2023-12-31'),
  ('15599',2381,'2013-06-13','2028-06-13','En Operación',552241234,733330194,1285571428,'2023-10-31','2023-12-31'),
  ('15299',2381,'2014-02-13','2029-02-13','En Operación',552241234,733330194,1285571428,'2023-10-31','2023-12-31'),
  ('54313',2381,'2014-07-26','2029-07-26','En Operación',552241234,805952314,1358193548,'2023-10-31','2023-12-31'),
  ('41791',2381,'2014-07-26','2029-07-26','En Operación',552241234,613364826,1165606060,'2023-10-31','2023-12-31'),
  ('47030',2381,'2013-06-13','2028-06-13','En Operación',552241234,600367461,1152608695,'2023-10-31','2023-12-31'),
  ('25099',2381,'2013-06-13','2028-06-13','En Operación',552241234,791624619,1343865853,'2023-10-31','2023-12-31'),
  ('73055',2381,'2013-01-11','2028-01-11','En Operación',552241234,695273051,1247514285,'2023-10-31','2023-12-31'),
  ('68209',2381,'2013-06-13','2028-06-13','En Operación',552241234,873691198,1425932432,'2023-10-31','2023-12-31'),
  ('15810',2381,'2014-02-13','2029-02-13','En Operación',552241234,733330194,1285571428,'2023-10-31','2023-12-31'),
  ('27787',2381,'2014-07-29','2029-07-29','En Operación',552241234,842969292,1395210526,'2023-10-31','2023-12-31'),
  ('68190',2381,'2013-06-13','2028-06-13','En Operación',552241234,873691198,1425932432,'2023-10-31','2023-12-31'),
  ('50330',2381,'2013-01-11','2028-01-11','En Operación',552241234,803758766,1356000000,'2023-10-31','2023-12-31'),
  ('19418',2381,'2015-11-25','2030-11-25','En Operación',552241234,747258766,1299500000,'2023-10-31','2023-12-31'),
  ('52215',2381,'2013-01-11','2028-01-11','En Operación',552241234,772403927,1324645161,'2023-10-31','2023-12-31'),
  ('73563',2381,'2013-01-11','2028-01-11','En Operación',552241234,695273051,1247514285,'2023-10-31','2023-12-31'),
  ('05134',2381,'2013-01-11','2028-01-11','En Operación',552241234,722113604,1274354838,'2023-10-31','2023-12-31'),
  ('25398',2381,'2013-01-11','2028-01-11','En Operación',552241234,791624619,1343865853,'2023-10-31','2023-12-31'),
  ('17050',2381,'2014-02-13','2029-02-13','En Operación',552241234,548464648,1100705882,'2023-10-31','2023-12-31'),
  ('73678',2381,'2013-01-11','2028-01-11','En Operación',552241234,695273051,1247514285,'2023-10-31','2023-12-31'),
  ('52506',2381,'2013-01-11','2028-01-11','En Operación',552241234,772403927,1324645161,'2023-10-31','2023-12-31'),
  ('27050',2381,'2014-07-29','2029-07-29','En Operación',552241234,842969292,1395210526,'2023-10-31','2023-12-31'),
  ('54871',2381,'2013-01-11','2028-01-11','En Operación',552241234,805952314,1358193548,'2023-10-31','2023-12-31'),
  ('23815',2381,'2013-06-13','2028-06-13','En Operación',552241234,617321266,1169562500,'2023-10-31','2023-12-31'),
  ('25649',2381,'2013-06-13','2028-06-13','En Operación',552241234,791624619,1343865853,'2023-10-31','2023-12-31'),
  ('13458',2381,'2014-07-26','2029-07-26','En Operación',552241234,769530194,1321771428,'2023-10-31','2023-12-31'),
  ('70233',2381,'2013-06-13','2028-06-13','En Operación',552241234,573980988,1126222222,'2023-10-31','2023-12-31'),
  ('19050',2381,'2015-02-03','2030-02-03','En Operación',552241234,747258766,1299500000,'2023-10-31','2023-12-31'),
  ('81300',2381,'2014-07-26','2029-07-26','En Operación',552241234,660758766,1213000000,'2023-10-31','2023-12-31'),
  ('15798',2381,'2014-02-13','2029-02-13','En Operación',552241234,733330194,1285571428,'2023-10-31','2023-12-31'),
  ('25599',2381,'2013-01-11','2028-01-11','En Operación',552241234,791624619,1343865853,'2023-10-31','2023-12-31'),
  ('50325',2381,'2016-06-15','2031-06-15','En Operación',552241234,803758766,1356000000,'2023-10-31','2023-12-31'),
  ('19142',2381,'2014-08-27','2029-08-27','En Operación',552241234,747258766,1299500000,'2023-10-31','2023-12-31'),
  ('13006',2381,'2014-02-13','2029-02-13','En Operación',552241234,769530194,1321771428,'2023-10-31','2023-12-31'),
  ('66318',2381,'2013-01-11','2028-01-11','En Operación',552241234,545092099,1097333333,'2023-10-31','2023-12-31'),
  ('17444',2381,'2013-01-11','2028-01-11','En Operación',552241234,548464648,1100705882,'2023-10-31','2023-12-31'),
  ('41483',2381,'2014-07-26','2029-07-26','En Operación',552241234,613364826,1165606060,'2023-10-31','2023-12-31');
INSERT INTO proyecto_fibra
  (cod_municipio, id_indicador, fecha_operacion, fecha_fin_operacion,
   estado_actual, inversion_fontic, inversion_contrapartida,
   inversion_total, fecha_cargue, fecha_vigencia)
VALUES
  ('52411',2381,'2013-06-13','2028-06-13','En Operación',552241234,772403927,1324645161,'2023-10-31','2023-12-31'),
  ('50590',2381,'2013-06-13','2028-06-13','En Operación',552241234,803758766,1356000000,'2023-10-31','2023-12-31'),
  ('19760',2381,'2014-07-26','2029-07-26','En Operación',552241234,747258766,1299500000,'2023-10-31','2023-12-31'),
  ('25279',2381,'2014-02-13','2029-02-13','En Operación',552241234,791624619,1343865853,'2023-10-31','2023-12-31'),
  ('52110',2381,'2013-01-11','2028-01-11','En Operación',552241234,772403927,1324645161,'2023-10-31','2023-12-31'),
  ('15814',2381,'2013-06-13','2028-06-13','En Operación',552241234,733330194,1285571428,'2023-10-31','2023-12-31'),
  ('25580',2381,'2013-01-11','2028-01-11','En Operación',552241234,791624619,1343865853,'2023-10-31','2023-12-31'),
  ('41319',2381,'2014-07-26','2029-07-26','En Operación',552241234,613364826,1165606060,'2023-10-31','2023-12-31'),
  ('13140',2381,'2014-02-13','2029-02-13','En Operación',552241234,769530194,1321771428,'2023-10-31','2023-12-31'),
  ('15425',2381,'2014-02-13','2029-02-13','En Operación',552241234,733330194,1285571428,'2023-10-31','2023-12-31'),
  ('15215',2381,'2014-02-13','2029-02-13','En Operación',552241234,733330194,1285571428,'2023-10-31','2023-12-31'),
  ('99773',2381,'2014-12-02','2029-12-02','En Operación',552241234,1007092099,1559333333,'2023-10-31','2023-12-31'),
  ('52435',2381,'2014-02-13','2029-02-13','En Operación',552241234,772403927,1324645161,'2023-10-31','2023-12-31'),
  ('41770',2381,'2014-07-26','2029-07-26','En Operación',552241234,613364826,1165606060,'2023-10-31','2023-12-31'),
  ('19845',2381,'2014-08-27','2029-08-27','En Operación',552241234,747258766,1299500000,'2023-10-31','2023-12-31'),
  ('18860',2381,'2014-07-26','2029-07-26','En Operación',552241234,695292099,1247533333,'2023-10-31','2023-12-31'),
  ('25040',2381,'2013-01-11','2028-01-11','En Operación',552241234,791624619,1343865853,'2023-10-31','2023-12-31'),
  ('54051',2381,'2013-01-11','2028-01-11','En Operación',552241234,805952314,1358193548,'2023-10-31','2023-12-31'),
  ('73347',2381,'2013-01-11','2028-01-11','En Operación',552241234,695273051,1247514285,'2023-10-31','2023-12-31'),
  ('13468',2381,'2013-06-13','2028-06-13','En Operación',552241234,769530194,1321771428,'2023-10-31','2023-12-31'),
  ('25645',2381,'2013-06-13','2028-06-13','En Operación',552241234,791624619,1343865853,'2023-10-31','2023-12-31'),
  ('76863',2381,'2014-02-13','2029-02-13','En Operación',552241234,487395129,1039636363,'2023-10-31','2023-12-31'),
  ('05145',2381,'2013-01-11','2028-01-11','En Operación',552241234,722113604,1274354838,'2023-10-31','2023-12-31'),
  ('25035',2381,'2013-01-11','2028-01-11','En Operación',552241234,791624619,1343865853,'2023-10-31','2023-12-31'),
  ('52418',2381,'2014-07-26','2029-07-26','En Operación',552241234,772403927,1324645161,'2023-10-31','2023-12-31'),
  ('18029',2381,'2014-07-26','2029-07-26','En Operación',552241234,695292099,1247533333,'2023-10-31','2023-12-31'),
  ('76126',2381,'2014-02-13','2029-02-13','En Operación',552241234,487395129,1039636363,'2023-10-31','2023-12-31'),
  ('70702',2381,'2013-06-13','2028-06-13','En Operación',552241234,573980988,1126222222,'2023-10-31','2023-12-31'),
  ('50680',2381,'2013-06-13','2028-06-13','En Operación',552241234,803758766,1356000000,'2023-10-31','2023-12-31'),
  ('68377',2381,'2013-01-11','2028-01-11','En Operación',552241234,873691198,1425932432,'2023-10-31','2023-12-31'),
  ('52480',2381,'2013-01-11','2028-01-11','En Operación',552241234,772403927,1324645161,'2023-10-31','2023-12-31'),
  ('44560',2381,'2014-02-13','2029-02-13','En Operación',552241234,530675432,1082916666,'2023-10-31','2023-12-31'),
  ('68101',2381,'2013-06-13','2028-06-13','En Operación',552241234,873691198,1425932432,'2023-10-31','2023-12-31'),
  ('19318',2381,'2015-11-25','2030-11-25','En Operación',552241234,747258766,1299500000,'2023-10-31','2023-12-31'),
  ('41359',2381,'2014-07-18','2029-07-18','En Operación',552241234,613364826,1165606060,'2023-10-31','2023-12-31'),
  ('25488',2381,'2013-01-11','2028-01-11','En Operación',552241234,791624619,1343865853,'2023-10-31','2023-12-31'),
  ('13433',2381,'2014-02-13','2029-02-13','En Operación',552241234,769530194,1321771428,'2023-10-31','2023-12-31'),
  ('25885',2381,'2013-06-13','2028-06-13','En Operación',552241234,791624619,1343865853,'2023-10-31','2023-12-31'),
  ('41306',2381,'2014-07-26','2029-07-26','En Operación',552241234,613364826,1165606060,'2023-10-31','2023-12-31'),
  ('76243',2381,'2014-02-13','2029-02-13','En Operación',552241234,487395129,1039636363,'2023-10-31','2023-12-31'),
  ('52083',2381,'2013-01-11','2028-01-11','En Operación',552241234,772403927,1324645161,'2023-10-31','2023-12-31'),
  ('70124',2381,'2013-01-11','2028-01-11','En Operación',552241234,573980988,1126222222,'2023-10-31','2023-12-31'),
  ('47703',2381,'2013-06-13','2028-06-13','En Operación',552241234,600367461,1152608695,'2023-10-31','2023-12-31'),
  ('73275',2381,'2013-01-11','2028-01-11','En Operación',552241234,695273051,1247514285,'2023-10-31','2023-12-31'),
  ('44110',2381,'2013-06-13','2028-06-13','En Operación',552241234,530675432,1082916666,'2023-10-31','2023-12-31'),
  ('15808',2381,'2014-02-13','2029-02-13','En Operación',552241234,733330194,1285571428,'2023-10-31','2023-12-31'),
  ('68745',2381,'2013-06-13','2028-06-13','En Operación',552241234,873691198,1425932432,'2023-10-31','2023-12-31'),
  ('19585',2381,'2014-08-27','2029-08-27','En Operación',552241234,747258766,1299500000,'2023-10-31','2023-12-31'),
  ('54553',2381,'2013-01-11','2028-01-11','En Operación',552241234,805952314,1358193548,'2023-10-31','2023-12-31'),
  ('25781',2381,'2014-02-13','2029-02-13','En Operación',552241234,791624619,1343865853,'2023-10-31','2023-12-31'),
  ('68720',2381,'2013-06-13','2028-06-13','En Operación',552241234,873691198,1425932432,'2023-10-31','2023-12-31'),
  ('13300',2381,'2013-06-13','2028-06-13','En Operación',552241234,769530194,1321771428,'2023-10-31','2023-12-31'),
  ('15317',2381,'2014-02-13','2029-02-13','En Operación',552241234,733330194,1285571428,'2023-10-31','2023-12-31'),
  ('68689',2381,'2013-01-11','2028-01-11','En Operación',552241234,873691198,1425932432,'2023-10-31','2023-12-31'),
  ('13760',2381,'2013-06-13','2028-06-13','En Operación',552241234,769530194,1321771428,'2023-10-31','2023-12-31'),
  ('25513',2381,'2013-06-13','2028-06-13','En Operación',552241234,791624619,1343865853,'2023-10-31','2023-12-31'),
  ('50689',2381,'2013-01-11','2028-01-11','En Operación',552241234,803758766,1356000000,'2023-10-31','2023-12-31'),
  ('15720',2381,'2014-02-13','2029-02-13','En Operación',552241234,733330194,1285571428,'2023-10-31','2023-12-31'),
  ('23419',2381,'2013-06-13','2028-06-13','En Operación',552241234,617321266,1169562500,'2023-10-31','2023-12-31'),
  ('41668',2381,'2014-07-18','2029-07-18','En Operación',552241234,613364826,1165606060,'2023-10-31','2023-12-31'),
  ('52687',2381,'2013-01-11','2028-01-11','En Operación',552241234,772403927,1324645161,'2023-10-31','2023-12-31'),
  ('15816',2381,'2013-06-13','2028-06-13','En Operación',552241234,733330194,1285571428,'2023-10-31','2023-12-31'),
  ('25297',2381,'2014-02-13','2029-02-13','En Operación',552241234,791624619,1343865853,'2023-10-31','2023-12-31'),
  ('19397',2381,'2014-07-26','2029-07-26','En Operación',552241234,747258766,1299500000,'2023-10-31','2023-12-31'),
  ('85410',2381,'2014-02-13','2029-02-13','En Operación',552241234,868558766,1420800000,'2023-10-31','2023-12-31'),
  ('85430',2381,'2014-02-13','2029-02-13','En Operación',552241234,868558766,1420800000,'2023-10-31','2023-12-31'),
  ('15377',2381,'2014-02-13','2029-02-13','En Operación',552241234,733330194,1285571428,'2023-10-31','2023-12-31'),
  ('47692',2381,'2013-06-13','2028-06-13','En Operación',552241234,600367461,1152608695,'2023-10-31','2023-12-31'),
  ('50450',2381,'2014-02-13','2029-02-13','En Operación',552241234,803758766,1356000000,'2023-10-31','2023-12-31'),
  ('15218',2381,'2014-02-13','2029-02-13','En Operación',552241234,733330194,1285571428,'2023-10-31','2023-12-31'),
  ('13838',2381,'2013-06-13','2028-06-13','En Operación',552241234,769530194,1321771428,'2023-10-31','2023-12-31'),
  ('68147',2381,'2013-01-11','2028-01-11','En Operación',552241234,873691198,1425932432,'2023-10-31','2023-12-31'),
  ('68217',2381,'2013-06-13','2028-06-13','En Operación',552241234,873691198,1425932432,'2023-10-31','2023-12-31'),
  ('18753',2381,'2014-08-29','2029-08-29','En Operación',552241234,695292099,1247533333,'2023-10-31','2023-12-31'),
  ('68162',2381,'2013-01-11','2028-01-11','En Operación',552241234,873691198,1425932432,'2023-10-31','2023-12-31'),
  ('70717',2381,'2013-01-11','2028-01-11','En Operación',552241234,573980988,1126222222,'2023-10-31','2023-12-31'),
  ('15681',2381,'2014-02-13','2029-02-13','En Operación',552241234,733330194,1285571428,'2023-10-31','2023-12-31'),
  ('73026',2381,'2013-01-11','2028-01-11','En Operación',552241234,695273051,1247514285,'2023-10-31','2023-12-31'),
  ('05004',2381,'2013-01-11','2028-01-11','En Operación',552241234,722113604,1274354838,'2023-10-31','2023-12-31'),
  ('13188',2381,'2013-06-13','2028-06-13','En Operación',552241234,769530194,1321771428,'2023-10-31','2023-12-31'),
  ('70708',2381,'2013-06-13','2028-06-13','En Operación',552241234,573980988,1126222222,'2023-10-31','2023-12-31'),
  ('68385',2381,'2013-06-13','2028-06-13','En Operación',552241234,873691198,1425932432,'2023-10-31','2023-12-31'),
  ('23079',2381,'2013-06-13','2028-06-13','En Operación',552241234,617321266,1169562500,'2023-10-31','2023-12-31'),
  ('63212',2381,'2013-06-13','2028-06-13','En Operación',552241234,591358766,1143600000,'2023-10-31','2023-12-31'),
  ('52520',2381,'2015-11-25','2030-11-25','En Operación',552241234,772403927,1324645161,'2023-10-31','2023-12-31'),
  ('20013',2381,'2013-06-13','2028-06-13','En Operación',552241234,519821266,1072062500,'2023-10-31','2023-12-31'),
  ('20175',2381,'2014-02-13','2029-02-13','En Operación',552241234,519821266,1072062500,'2023-10-31','2023-12-31'),
  ('54398',2381,'2013-06-13','2028-06-13','En Operación',552241234,805952314,1358193548,'2023-10-31','2023-12-31'),
  ('68020',2381,'2013-01-11','2028-01-11','En Operación',552241234,873691198,1425932432,'2023-10-31','2023-12-31'),
  ('68229',2381,'2013-01-11','2028-01-11','En Operación',552241234,873691198,1425932432,'2023-10-31','2023-12-31'),
  ('66075',2381,'2013-01-11','2028-01-11','En Operación',552241234,545092099,1097333333,'2023-10-31','2023-12-31'),
  ('13647',2381,'2013-06-13','2028-06-13','En Operación',552241234,769530194,1321771428,'2023-10-31','2023-12-31'),
  ('20621',2381,'2013-01-11','2028-01-11','En Operación',552241234,519821266,1072062500,'2023-10-31','2023-12-31'),
  ('15223',2381,'2014-08-12','2029-08-12','En Operación',552241234,733330194,1285571428,'2023-10-31','2023-12-31'),
  ('68235',2381,'2013-06-13','2028-06-13','En Operación',552241234,873691198,1425932432,'2023-10-31','2023-12-31'),
  ('52210',2381,'2013-01-11','2028-01-11','En Operación',552241234,772403927,1324645161,'2023-10-31','2023-12-31'),
  ('15442',2381,'2014-02-13','2029-02-13','En Operación',552241234,733330194,1285571428,'2023-10-31','2023-12-31'),
  ('54172',2381,'2013-01-11','2028-01-11','En Operación',552241234,805952314,1358193548,'2023-10-31','2023-12-31'),
  ('27150',2381,'2014-08-20','2029-08-20','En Operación',552241234,842969292,1395210526,'2023-10-31','2023-12-31'),
  ('18205',2381,'2014-07-26','2029-07-26','En Operación',552241234,695292099,1247533333,'2023-10-31','2023-12-31');
INSERT INTO proyecto_fibra
  (cod_municipio, id_indicador, fecha_operacion, fecha_fin_operacion,
   estado_actual, inversion_fontic, inversion_contrapartida,
   inversion_total, fecha_cargue, fecha_vigencia)
VALUES
  ('52560',2381,'2013-01-11','2028-01-11','En Operación',552241234,772403927,1324645161,'2023-10-31','2023-12-31'),
  ('54250',2381,'2015-07-11','2030-07-11','En Operación',552241234,805952314,1358193548,'2023-10-31','2023-12-31'),
  ('86760',2381,'2014-02-13','2029-02-13','En Operación',552241234,574008766,1126250000,'2023-10-31','2023-12-31'),
  ('18460',2381,'2014-08-29','2029-08-29','En Operación',552241234,695292099,1247533333,'2023-10-31','2023-12-31'),
  ('17653',2381,'2014-02-13','2029-02-13','En Operación',552241234,548464648,1100705882,'2023-10-31','2023-12-31'),
  ('15762',2381,'2013-06-13','2028-06-13','En Operación',552241234,733330194,1285571428,'2023-10-31','2023-12-31'),
  ('73200',2381,'2013-01-11','2028-01-11','En Operación',552241234,695273051,1247514285,'2023-10-31','2023-12-31'),
  ('63302',2381,'2013-06-13','2028-06-13','En Operación',552241234,591358766,1143600000,'2023-10-31','2023-12-31'),
  ('25019',2381,'2013-01-11','2028-01-11','En Operación',552241234,791624619,1343865853,'2023-10-31','2023-12-31'),
  ('68167',2381,'2013-06-13','2028-06-13','En Operación',552241234,873691198,1425932432,'2023-10-31','2023-12-31'),
  ('05660',2381,'2013-01-11','2028-01-11','En Operación',552241234,722113604,1274354838,'2023-10-31','2023-12-31'),
  ('86569',2381,'2014-11-19','2029-11-19','En Operación',552241234,574008766,1126250000,'2023-10-31','2023-12-31'),
  ('15500',2381,'2013-06-13','2028-06-13','En Operación',552241234,733330194,1285571428,'2023-10-31','2023-12-31'),
  ('50568',2381,'2013-06-13','2028-06-13','En Operación',552241234,803758766,1356000000,'2023-10-31','2023-12-31'),
  ('66088',2381,'2013-01-11','2028-01-11','En Operación',552241234,545092099,1097333333,'2023-10-31','2023-12-31'),
  ('13655',2381,'2014-02-13','2029-02-13','En Operación',552241234,769530194,1321771428,'2023-10-31','2023-12-31'),
  ('70400',2381,'2013-01-11','2028-01-11','En Operación',552241234,573980988,1126222222,'2023-10-31','2023-12-31'),
  ('25867',2381,'2013-01-11','2028-01-11','En Operación',552241234,791624619,1343865853,'2023-10-31','2023-12-31'),
  ('54670',2381,'2015-07-11','2030-07-11','En Operación',552241234,805952314,1358193548,'2023-10-31','2023-12-31'),
  ('19100',2381,'2014-11-11','2029-11-11','En Operación',552241234,747258766,1299500000,'2023-10-31','2023-12-31'),
  ('76606',2381,'2014-02-13','2029-02-13','En Operación',552241234,487395129,1039636363,'2023-10-31','2023-12-31'),
  ('50400',2381,'2013-01-11','2028-01-11','En Operación',552241234,803758766,1356000000,'2023-10-31','2023-12-31'),
  ('47205',2381,'2013-06-13','2028-06-13','En Operación',552241234,600367461,1152608695,'2023-10-31','2023-12-31'),
  ('41660',2381,'2014-07-26','2029-07-26','En Operación',552241234,613364826,1165606060,'2023-10-31','2023-12-31'),
  ('13160',2381,'2014-03-29','2029-03-29','En Operación',552241234,769530194,1321771428,'2023-10-31','2023-12-31'),
  ('52565',2381,'2013-06-13','2028-06-13','En Operación',552241234,772403927,1324645161,'2023-10-31','2023-12-31'),
  ('52352',2381,'2013-01-11','2028-01-11','En Operación',552241234,772403927,1324645161,'2023-10-31','2023-12-31'),
  ('66383',2381,'2013-01-11','2028-01-11','En Operación',552241234,545092099,1097333333,'2023-10-31','2023-12-31'),
  ('86001',2381,'2014-11-19','2029-11-19','En Operación',552241234,574008766,1126250000,'2023-10-31','2023-12-31'),
  ('27660',2381,'2014-02-13','2029-02-13','En Operación',552241234,842969292,1395210526,'2023-10-31','2023-12-31'),
  ('41524',2381,'2014-07-26','2029-07-26','En Operación',552241234,613364826,1165606060,'2023-10-31','2023-12-31'),
  ('68855',2381,'2013-06-13','2028-06-13','En Operación',552241234,873691198,1425932432,'2023-10-31','2023-12-31'),
  ('52287',2381,'2013-01-11','2028-01-11','En Operación',552241234,772403927,1324645161,'2023-10-31','2023-12-31'),
  ('13440',2381,'2013-06-13','2028-06-13','En Operación',552241234,769530194,1321771428,'2023-10-31','2023-12-31'),
  ('25718',2381,'2013-01-11','2028-01-11','En Operación',552241234,791624619,1343865853,'2023-10-31','2023-12-31'),
  ('47798',2381,'2013-06-13','2028-06-13','En Operación',552241234,600367461,1152608695,'2023-10-31','2023-12-31'),
  ('27073',2381,'2014-07-29','2029-07-29','En Operación',552241234,842969292,1395210526,'2023-10-31','2023-12-31'),
  ('70678',2381,'2013-06-13','2028-06-13','En Operación',552241234,573980988,1126222222,'2023-10-31','2023-12-31'),
  ('68573',2381,'2013-06-13','2028-06-13','En Operación',552241234,873691198,1425932432,'2023-10-31','2023-12-31'),
  ('15476',2381,'2013-06-13','2028-06-13','En Operación',552241234,733330194,1285571428,'2023-10-31','2023-12-31'),
  ('52381',2381,'2013-01-11','2028-01-11','En Operación',552241234,772403927,1324645161,'2023-10-31','2023-12-31'),
  ('99624',2381,'2023-07-01','2038-07-01','En Operación',552241234,1007092099,1559333333,'2023-10-31','2023-12-31'),
  ('54174',2381,'2013-01-11','2028-01-11','En Operación',552241234,805952314,1358193548,'2023-10-31','2023-12-31'),
  ('52835',2381,'2014-08-29','2029-08-29','En Operación',552241234,772403927,1324645161,'2023-10-31','2023-12-31'),
  ('47161',2381,'2013-06-13','2028-06-13','En Operación',552241234,600367461,1152608695,'2023-10-31','2023-12-31'),
  ('52203',2381,'2013-01-11','2028-01-11','En Operación',552241234,772403927,1324645161,'2023-10-31','2023-12-31'),
  ('27135',2381,'2014-07-29','2029-07-29','En Operación',552241234,842969292,1395210526,'2023-10-31','2023-12-31'),
  ('18479',2381,'2014-07-26','2029-07-26','En Operación',552241234,695292099,1247533333,'2023-10-31','2023-12-31'),
  ('15776',2381,'2014-02-13','2029-02-13','En Operación',552241234,733330194,1285571428,'2023-10-31','2023-12-31'),
  ('15325',2381,'2014-02-13','2029-02-13','En Operación',552241234,733330194,1285571428,'2023-10-31','2023-12-31'),
  ('70110',2381,'2013-01-11','2028-01-11','En Operación',552241234,573980988,1126222222,'2023-10-31','2023-12-31'),
  ('20770',2381,'2014-02-13','2029-02-13','En Operación',552241234,519821266,1072062500,'2023-10-31','2023-12-31'),
  ('52390',2381,'2015-11-27','2030-11-27','En Operación',552241234,772403927,1324645161,'2023-10-31','2023-12-31'),
  ('73770',2381,'2013-01-11','2028-01-11','En Operación',552241234,695273051,1247514285,'2023-10-31','2023-12-31'),
  ('76246',2381,'2014-02-13','2029-02-13','En Operación',552241234,487395129,1039636363,'2023-10-31','2023-12-31'),
  ('20570',2381,'2013-06-13','2028-06-13','En Operación',552241234,519821266,1072062500,'2023-10-31','2023-12-31'),
  ('68264',2381,'2013-06-13','2028-06-13','En Operación',552241234,873691198,1425932432,'2023-10-31','2023-12-31'),
  ('19212',2381,'2014-10-21','2029-10-21','En Operación',552241234,747258766,1299500000,'2023-10-31','2023-12-31'),
  ('76845',2381,'2014-02-13','2029-02-13','En Operación',552241234,487395129,1039636363,'2023-10-31','2023-12-31'),
  ('13683',2381,'2013-06-13','2028-06-13','En Operación',552241234,769530194,1321771428,'2023-10-31','2023-12-31'),
  ('05495',2381,'2013-01-11','2028-01-11','En Operación',552241234,722113604,1274354838,'2023-10-31','2023-12-31'),
  ('15131',2381,'2014-02-13','2029-02-13','En Operación',552241234,733330194,1285571428,'2023-10-31','2023-12-31'),
  ('95001',2381,'2014-07-26','2029-07-26','En Operación',552241234,833758766,1386000000,'2023-10-31','2023-12-31'),
  ('85136',2381,'2014-09-24','2029-09-24','En Operación',552241234,868558766,1420800000,'2023-10-31','2023-12-31'),
  ('13600',2381,'2013-06-13','2028-06-13','En Operación',552241234,769530194,1321771428,'2023-10-31','2023-12-31'),
  ('25402',2381,'2013-01-11','2028-01-11','En Operación',552241234,791624619,1343865853,'2023-10-31','2023-12-31'),
  ('25288',2381,'2013-06-13','2028-06-13','En Operación',552241234,791624619,1343865853,'2023-10-31','2023-12-31'),
  ('52227',2381,'2013-01-11','2028-01-11','En Operación',552241234,772403927,1324645161,'2023-10-31','2023-12-31'),
  ('15660',2381,'2014-02-13','2029-02-13','En Operación',552241234,733330194,1285571428,'2023-10-31','2023-12-31'),
  ('19824',2381,'2014-08-27','2029-08-27','En Operación',552241234,747258766,1299500000,'2023-10-31','2023-12-31'),
  ('20178',2381,'2013-06-13','2028-06-13','En Operación',552241234,519821266,1072062500,'2023-10-31','2023-12-31'),
  ('27160',2381,'2014-07-29','2029-07-29','En Operación',552241234,842969292,1395210526,'2023-10-31','2023-12-31'),
  ('68296',2381,'2013-01-11','2028-01-11','En Operación',552241234,873691198,1425932432,'2023-10-31','2023-12-31'),
  ('19364',2381,'2014-08-27','2029-08-27','En Operación',552241234,747258766,1299500000,'2023-10-31','2023-12-31'),
  ('52693',2381,'2013-01-11','2028-01-11','En Operación',552241234,772403927,1324645161,'2023-10-31','2023-12-31'),
  ('76377',2381,'2014-02-13','2029-02-13','En Operación',552241234,487395129,1039636363,'2023-10-31','2023-12-31'),
  ('25871',2381,'2013-06-13','2028-06-13','En Operación',552241234,791624619,1343865853,'2023-10-31','2023-12-31'),
  ('15839',2381,'2014-02-13','2029-02-13','En Operación',552241234,733330194,1285571428,'2023-10-31','2023-12-31'),
  ('54480',2381,'2014-02-13','2029-02-13','En Operación',552241234,805952314,1358193548,'2023-10-31','2023-12-31'),
  ('25491',2381,'2013-01-11','2028-01-11','En Operación',552241234,791624619,1343865853,'2023-10-31','2023-12-31'),
  ('23300',2381,'2013-06-13','2028-06-13','En Operación',552241234,617321266,1169562500,'2023-10-31','2023-12-31'),
  ('68266',2381,'2013-06-13','2028-06-13','En Operación',552241234,873691198,1425932432,'2023-10-31','2023-12-31'),
  ('73283',2381,'2013-01-11','2028-01-11','En Operación',552241234,695273051,1247514285,'2023-10-31','2023-12-31'),
  ('23464',2381,'2013-06-13','2028-06-13','En Operación',552241234,617321266,1169562500,'2023-10-31','2023-12-31'),
  ('27205',2381,'2014-07-26','2029-07-26','En Operación',552241234,842969292,1395210526,'2023-10-31','2023-12-31'),
  ('15276',2381,'2014-02-13','2029-02-13','En Operación',552241234,733330194,1285571428,'2023-10-31','2023-12-31'),
  ('19075',2381,'2015-02-03','2030-02-03','En Operación',552241234,747258766,1299500000,'2023-10-31','2023-12-31'),
  ('13222',2381,'2013-06-13','2028-06-13','En Operación',552241234,769530194,1321771428,'2023-10-31','2023-12-31'),
  ('68575',2381,'2014-02-13','2029-02-13','En Operación',552241234,873691198,1425932432,'2023-10-31','2023-12-31'),
  ('99524',2381,'2023-07-20','2038-07-20','En Operación',552241234,1007092099,1559333333,'2023-10-31','2023-12-31'),
  ('20032',2381,'2014-02-13','2029-02-13','En Operación',552241234,519821266,1072062500,'2023-10-31','2023-12-31'),
  ('15667',2381,'2014-02-13','2029-02-13','En Operación',552241234,733330194,1285571428,'2023-10-31','2023-12-31'),
  ('15572',2381,'2014-02-13','2029-02-13','En Operación',552241234,733330194,1285571428,'2023-10-31','2023-12-31'),
  ('15511',2381,'2013-06-13','2028-06-13','En Operación',552241234,733330194,1285571428,'2023-10-31','2023-12-31'),
  ('25120',2381,'2013-06-13','2028-06-13','En Operación',552241234,791624619,1343865853,'2023-10-31','2023-12-31'),
  ('25317',2381,'2013-06-13','2028-06-13','En Operación',552241234,791624619,1343865853,'2023-10-31','2023-12-31'),
  ('73270',2381,'2013-01-11','2028-01-11','En Operación',552241234,695273051,1247514285,'2023-10-31','2023-12-31'),
  ('05197',2381,'2013-01-11','2028-01-11','En Operación',552241234,722113604,1274354838,'2023-10-31','2023-12-31'),
  ('13688',2381,'2014-03-29','2029-03-29','En Operación',552241234,769530194,1321771428,'2023-10-31','2023-12-31'),
  ('68160',2381,'2013-06-13','2028-06-13','En Operación',552241234,873691198,1425932432,'2023-10-31','2023-12-31');
INSERT INTO proyecto_fibra
  (cod_municipio, id_indicador, fecha_operacion, fecha_fin_operacion,
   estado_actual, inversion_fontic, inversion_contrapartida,
   inversion_total, fecha_cargue, fecha_vigencia)
VALUES
  ('76250',2381,'2014-02-13','2029-02-13','En Operación',552241234,487395129,1039636363,'2023-10-31','2023-12-31'),
  ('68418',2381,'2013-01-11','2028-01-11','En Operación',552241234,873691198,1425932432,'2023-10-31','2023-12-31'),
  ('52427',2381,'2014-07-26','2029-07-26','En Operación',552241234,772403927,1324645161,'2023-10-31','2023-12-31'),
  ('54743',2381,'2013-01-11','2028-01-11','En Operación',552241234,805952314,1358193548,'2023-10-31','2023-12-31'),
  ('18256',2381,'2014-08-29','2029-08-29','En Operación',552241234,695292099,1247533333,'2023-10-31','2023-12-31'),
  ('54673',2381,'2013-01-11','2028-01-11','En Operación',552241234,805952314,1358193548,'2023-10-31','2023-12-31'),
  ('19300',2381,'2014-08-27','2029-08-27','En Operación',552241234,747258766,1299500000,'2023-10-31','2023-12-31'),
  ('44035',2381,'2013-01-11','2028-01-11','En Operación',552241234,530675432,1082916666,'2023-10-31','2023-12-31'),
  ('15047',2381,'2014-02-13','2029-02-13','En Operación',552241234,733330194,1285571428,'2023-10-31','2023-12-31'),
  ('19622',2381,'2014-07-27','2029-07-27','En Operación',552241234,747258766,1299500000,'2023-10-31','2023-12-31'),
  ('13248',2381,'2013-06-13','2028-06-13','En Operación',552241234,769530194,1321771428,'2023-10-31','2023-12-31'),
  ('15774',2381,'2014-02-13','2029-02-13','En Operación',552241234,733330194,1285571428,'2023-10-31','2023-12-31'),
  ('76100',2381,'2014-02-13','2029-02-13','En Operación',552241234,487395129,1039636363,'2023-10-31','2023-12-31'),
  ('47318',2381,'2013-06-13','2028-06-13','En Operación',552241234,600367461,1152608695,'2023-10-31','2023-12-31'),
  ('68179',2381,'2013-01-11','2028-01-11','En Operación',552241234,873691198,1425932432,'2023-10-31','2023-12-31'),
  ('73152',2381,'2013-01-11','2028-01-11','En Operación',552241234,695273051,1247514285,'2023-10-31','2023-12-31'),
  ('68271',2381,'2013-01-11','2028-01-11','En Operación',552241234,873691198,1425932432,'2023-10-31','2023-12-31'),
  ('68121',2381,'2013-06-13','2028-06-13','En Operación',552241234,873691198,1425932432,'2023-10-31','2023-12-31'),
  ('25154',2381,'2013-06-13','2028-06-13','En Operación',552241234,791624619,1343865853,'2023-10-31','2023-12-31'),
  ('73520',2381,'2013-01-11','2028-01-11','En Operación',552241234,695273051,1247514285,'2023-10-31','2023-12-31'),
  ('15224',2381,'2013-06-13','2028-06-13','En Operación',552241234,733330194,1285571428,'2023-10-31','2023-12-31'),
  ('23500',2381,'2013-06-13','2028-06-13','En Operación',552241234,617321266,1169562500,'2023-10-31','2023-12-31'),
  ('70265',2381,'2014-02-13','2029-02-13','En Operación',552241234,573980988,1126222222,'2023-10-31','2023-12-31'),
  ('17088',2381,'2013-01-11','2028-01-11','En Operación',552241234,548464648,1100705882,'2023-10-31','2023-12-31'),
  ('15507',2381,'2014-02-13','2029-02-13','En Operación',552241234,733330194,1285571428,'2023-10-31','2023-12-31'),
  ('15676',2381,'2014-02-13','2029-02-13','En Operación',552241234,733330194,1285571428,'2023-10-31','2023-12-31'),
  ('68406',2381,'2014-02-13','2029-02-13','En Operación',552241234,873691198,1425932432,'2023-10-31','2023-12-31'),
  ('50686',2381,'2014-02-13','2029-02-13','En Operación',552241234,803758766,1356000000,'2023-10-31','2023-12-31'),
  ('86755',2381,'2014-02-13','2029-02-13','En Operación',552241234,574008766,1126250000,'2023-10-31','2023-12-31'),
  ('17867',2381,'2013-01-11','2028-01-11','En Operación',552241234,548464648,1100705882,'2023-10-31','2023-12-31'),
  ('47551',2381,'2013-06-13','2028-06-13','En Operación',552241234,600367461,1152608695,'2023-10-31','2023-12-31'),
  ('05658',2381,'2013-01-11','2028-01-11','En Operación',552241234,722113604,1274354838,'2023-10-31','2023-12-31'),
  ('15051',2381,'2014-02-13','2029-02-13','En Operación',552241234,733330194,1285571428,'2023-10-31','2023-12-31'),
  ('52207',2381,'2013-01-11','2028-01-11','En Operación',552241234,772403927,1324645161,'2023-10-31','2023-12-31'),
  ('68464',2381,'2013-06-13','2028-06-13','En Operación',552241234,873691198,1425932432,'2023-10-31','2023-12-31'),
  ('13780',2381,'2013-06-13','2028-06-13','En Operación',552241234,769530194,1321771428,'2023-10-31','2023-12-31'),
  ('25797',2381,'2013-01-11','2028-01-11','En Operación',552241234,791624619,1343865853,'2023-10-31','2023-12-31'),
  ('85230',2381,'2014-07-26','2029-07-26','En Operación',552241234,868558766,1420800000,'2023-10-31','2023-12-31'),
  ('19450',2381,'2014-11-28','2029-11-28','En Operación',552241234,747258766,1299500000,'2023-10-31','2023-12-31'),
  ('50711',2381,'2013-01-11','2028-01-11','En Operación',552241234,803758766,1356000000,'2023-10-31','2023-12-31'),
  ('68770',2381,'2013-01-11','2028-01-11','En Operación',552241234,873691198,1425932432,'2023-10-31','2023-12-31'),
  ('15464',2381,'2014-02-13','2029-02-13','En Operación',552241234,733330194,1285571428,'2023-10-31','2023-12-31'),
  ('68245',2381,'2013-06-13','2028-06-13','En Operación',552241234,873691198,1425932432,'2023-10-31','2023-12-31'),
  ('52036',2381,'2013-06-13','2028-06-13','En Operación',552241234,772403927,1324645161,'2023-10-31','2023-12-31'),
  ('47541',2381,'2013-06-13','2028-06-13','En Operación',552241234,600367461,1152608695,'2023-10-31','2023-12-31'),
  ('68522',2381,'2013-06-13','2028-06-13','En Operación',552241234,873691198,1425932432,'2023-10-31','2023-12-31'),
  ('15172',2381,'2013-06-13','2028-06-13','En Operación',552241234,733330194,1285571428,'2023-10-31','2023-12-31'),
  ('47570',2381,'2013-06-13','2028-06-13','En Operación',552241234,600367461,1152608695,'2023-10-31','2023-12-31'),
  ('05591',2381,'2013-01-11','2028-01-11','En Operación',552241234,722113604,1274354838,'2023-10-31','2023-12-31'),
  ('73555',2381,'2014-02-13','2029-02-13','En Operación',552241234,695273051,1247514285,'2023-10-31','2023-12-31'),
  ('19821',2381,'2015-03-28','2030-03-28','En Operación',552241234,747258766,1299500000,'2023-10-31','2023-12-31'),
  ('27413',2381,'2014-07-29','2029-07-29','En Operación',552241234,842969292,1395210526,'2023-10-31','2023-12-31'),
  ('25181',2381,'2014-02-13','2029-02-13','En Operación',552241234,791624619,1343865853,'2023-10-31','2023-12-31'),
  ('68872',2381,'2013-01-11','2028-01-11','En Operación',552241234,873691198,1425932432,'2023-10-31','2023-12-31'),
  ('41885',2381,'2014-07-26','2029-07-26','En Operación',552241234,613364826,1165606060,'2023-10-31','2023-12-31'),
  ('44378',2381,'2013-06-13','2028-06-13','En Operación',552241234,530675432,1082916666,'2023-10-31','2023-12-31'),
  ('68318',2381,'2013-06-13','2028-06-13','En Operación',552241234,873691198,1425932432,'2023-10-31','2023-12-31'),
  ('66594',2381,'2013-01-11','2028-01-11','En Operación',552241234,545092099,1097333333,'2023-10-31','2023-12-31'),
  ('95015',2381,'2014-07-26','2029-07-26','En Operación',552241234,833758766,1386000000,'2023-10-31','2023-12-31'),
  ('15822',2381,'2014-02-13','2029-02-13','En Operación',552241234,733330194,1285571428,'2023-10-31','2023-12-31'),
  ('52685',2381,'2013-01-11','2028-01-11','En Operación',552241234,772403927,1324645161,'2023-10-31','2023-12-31'),
  ('27361',2381,'2014-07-29','2029-07-29','En Operación',552241234,842969292,1395210526,'2023-10-31','2023-12-31'),
  ('81591',2381,'2014-07-26','2029-07-26','En Operación',552241234,660758766,1213000000,'2023-10-31','2023-12-31'),
  ('15183',2381,'2014-02-13','2029-02-13','En Operación',552241234,733330194,1285571428,'2023-10-31','2023-12-31'),
  ('68820',2381,'2013-01-11','2028-01-11','En Operación',552241234,873691198,1425932432,'2023-10-31','2023-12-31'),
  ('70771',2381,'2014-02-13','2029-02-13','En Operación',552241234,573980988,1126222222,'2023-10-31','2023-12-31'),
  ('25436',2381,'2014-02-13','2029-02-13','En Operación',552241234,791624619,1343865853,'2023-10-31','2023-12-31'),
  ('70823',2381,'2014-02-13','2029-02-13','En Operación',552241234,573980988,1126222222,'2023-10-31','2023-12-31'),
  ('25506',2381,'2013-06-13','2028-06-13','En Operación',552241234,791624619,1343865853,'2023-10-31','2023-12-31'),
  ('15835',2381,'2013-06-13','2028-06-13','En Operación',552241234,733330194,1285571428,'2023-10-31','2023-12-31'),
  ('13442',2381,'2013-06-13','2028-06-13','En Operación',552241234,769530194,1321771428,'2023-10-31','2023-12-31'),
  ('15494',2381,'2013-06-13','2028-06-13','En Operación',552241234,733330194,1285571428,'2023-10-31','2023-12-31'),
  ('52694',2381,'2013-01-11','2028-01-11','En Operación',552241234,772403927,1324645161,'2023-10-31','2023-12-31'),
  ('23855',2381,'2013-06-13','2028-06-13','En Operación',552241234,617321266,1169562500,'2023-10-31','2023-12-31'),
  ('25293',2381,'2014-02-13','2029-02-13','En Operación',552241234,791624619,1343865853,'2023-10-31','2023-12-31'),
  ('25095',2381,'2013-01-11','2028-01-11','En Operación',552241234,791624619,1343865853,'2023-10-31','2023-12-31'),
  ('50223',2381,'2013-01-11','2028-01-11','En Operación',552241234,803758766,1356000000,'2023-10-31','2023-12-31'),
  ('68780',2381,'2013-06-13','2028-06-13','En Operación',552241234,873691198,1425932432,'2023-10-31','2023-12-31'),
  ('73226',2381,'2013-01-11','2028-01-11','En Operación',552241234,695273051,1247514285,'2023-10-31','2023-12-31'),
  ('25736',2381,'2013-06-13','2028-06-13','En Operación',552241234,791624619,1343865853,'2023-10-31','2023-12-31'),
  ('23580',2381,'2014-02-13','2029-02-13','En Operación',552241234,617321266,1169562500,'2023-10-31','2023-12-31'),
  ('15189',2381,'2013-06-13','2028-06-13','En Operación',552241234,733330194,1285571428,'2023-10-31','2023-12-31'),
  ('20787',2381,'2013-06-13','2028-06-13','En Operación',552241234,519821266,1072062500,'2023-10-31','2023-12-31'),
  ('54344',2381,'2013-06-13','2028-06-13','En Operación',552241234,805952314,1358193548,'2023-10-31','2023-12-31'),
  ('66687',2381,'2014-02-13','2029-02-13','En Operación',552241234,545092099,1097333333,'2023-10-31','2023-12-31'),
  ('25845',2381,'2014-02-13','2029-02-13','En Operación',552241234,791624619,1343865853,'2023-10-31','2023-12-31'),
  ('13052',2381,'2014-02-13','2029-02-13','En Operación',552241234,769530194,1321771428,'2023-10-31','2023-12-31'),
  ('44078',2381,'2013-06-13','2028-06-13','En Operación',552241234,530675432,1082916666,'2023-10-31','2023-12-31'),
  ('15407',2381,'2013-06-13','2028-06-13','En Operación',552241234,733330194,1285571428,'2023-10-31','2023-12-31'),
  ('19110',2381,'2014-07-26','2029-07-26','En Operación',552241234,747258766,1299500000,'2023-10-31','2023-12-31'),
  ('52233',2381,'2014-07-26','2029-07-26','En Operación',552241234,772403927,1324645161,'2023-10-31','2023-12-31'),
  ('25769',2381,'2013-06-13','2028-06-13','En Operación',552241234,791624619,1343865853,'2023-10-31','2023-12-31'),
  ('85300',2381,'2014-02-13','2029-02-13','En Operación',552241234,868558766,1420800000,'2023-10-31','2023-12-31'),
  ('15248',2381,'2014-02-13','2029-02-13','En Operación',552241234,733330194,1285571428,'2023-10-31','2023-12-31'),
  ('05055',2381,'2013-01-11','2028-01-11','En Operación',552241234,722113604,1274354838,'2023-10-31','2023-12-31'),
  ('47675',2381,'2013-06-13','2028-06-13','En Operación',552241234,600367461,1152608695,'2023-10-31','2023-12-31'),
  ('70523',2381,'2013-01-11','2028-01-11','En Operación',552241234,573980988,1126222222,'2023-10-31','2023-12-31'),
  ('41006',2381,'2014-07-26','2029-07-26','En Operación',552241234,613364826,1165606060,'2023-10-31','2023-12-31'),
  ('17446',2381,'2013-01-11','2028-01-11','En Operación',552241234,548464648,1100705882,'2023-10-31','2023-12-31'),
  ('73686',2381,'2013-01-11','2028-01-11','En Operación',552241234,695273051,1247514285,'2023-10-31','2023-12-31');
INSERT INTO proyecto_fibra
  (cod_municipio, id_indicador, fecha_operacion, fecha_fin_operacion,
   estado_actual, inversion_fontic, inversion_contrapartida,
   inversion_total, fecha_cargue, fecha_vigencia)
VALUES
  ('05002',2381,'2013-01-11','2028-01-11','En Operación',552241234,722113604,1274354838,'2023-10-31','2023-12-31'),
  ('25777',2381,'2013-01-11','2028-01-11','En Operación',552241234,791624619,1343865853,'2023-10-31','2023-12-31'),
  ('70742',2381,'2013-01-11','2028-01-11','En Operación',552241234,573980988,1126222222,'2023-10-31','2023-12-31'),
  ('85263',2381,'2014-02-13','2029-02-13','En Operación',552241234,868558766,1420800000,'2023-10-31','2023-12-31'),
  ('05607',2381,'2013-06-13','2028-06-13','En Operación',552241234,722113604,1274354838,'2023-10-31','2023-12-31'),
  ('54125',2381,'2013-01-11','2028-01-11','En Operación',552241234,805952314,1358193548,'2023-10-31','2023-12-31'),
  ('15757',2381,'2014-02-13','2029-02-13','En Operación',552241234,733330194,1285571428,'2023-10-31','2023-12-31'),
  ('25489',2381,'2013-01-11','2028-01-11','En Operación',552241234,791624619,1343865853,'2023-10-31','2023-12-31'),
  ('68500',2381,'2014-02-13','2029-02-13','En Operación',552241234,873691198,1425932432,'2023-10-31','2023-12-31'),
  ('15455',2381,'2014-02-13','2029-02-13','En Operación',552241234,733330194,1285571428,'2023-10-31','2023-12-31'),
  ('05819',2381,'2014-02-13','2029-02-13','En Operación',552241234,722113604,1274354838,'2023-10-31','2023-12-31'),
  ('68468',2381,'2013-06-13','2028-06-13','En Operación',552241234,873691198,1425932432,'2023-10-31','2023-12-31'),
  ('68092',2381,'2013-01-11','2028-01-11','En Operación',552241234,873691198,1425932432,'2023-10-31','2023-12-31'),
  ('23068',2381,'2013-06-13','2028-06-13','En Operación',552241234,617321266,1169562500,'2023-10-31','2023-12-31'),
  ('15755',2381,'2014-02-13','2029-02-13','En Operación',552241234,733330194,1285571428,'2023-10-31','2023-12-31'),
  ('86749',2381,'2014-02-13','2029-02-13','En Operación',552241234,574008766,1126250000,'2023-10-31','2023-12-31'),
  ('54418',2381,'2013-01-11','2028-01-11','En Operación',552241234,805952314,1358193548,'2023-10-31','2023-12-31'),
  ('15212',2381,'2014-02-13','2029-02-13','En Operación',552241234,733330194,1285571428,'2023-10-31','2023-12-31'),
  ('25793',2381,'2014-02-13','2029-02-13','En Operación',552241234,791624619,1343865853,'2023-10-31','2023-12-31'),
  ('20443',2381,'2013-01-11','2028-01-11','En Operación',552241234,519821266,1072062500,'2023-10-31','2023-12-31'),
  ('47268',2381,'2013-06-13','2028-06-13','En Operación',552241234,600367461,1152608695,'2023-10-31','2023-12-31'),
  ('17662',2381,'2013-01-11','2028-01-11','En Operación',552241234,548464648,1100705882,'2023-10-31','2023-12-31'),
  ('44650',2381,'2013-06-13','2028-06-13','En Operación',552241234,530675432,1082916666,'2023-10-31','2023-12-31'),
  ('27430',2381,'2014-07-26','2029-07-26','En Operación',552241234,842969292,1395210526,'2023-10-31','2023-12-31'),
  ('25483',2381,'2013-01-11','2028-01-11','En Operación',552241234,791624619,1343865853,'2023-10-31','2023-12-31'),
  ('47660',2381,'2014-02-13','2029-02-13','En Operación',552241234,600367461,1152608695,'2023-10-31','2023-12-31'),
  ('73861',2381,'2013-01-11','2028-01-11','En Operación',552241234,695273051,1247514285,'2023-10-31','2023-12-31'),
  ('54660',2381,'2013-01-11','2028-01-11','En Operación',552241234,805952314,1358193548,'2023-10-31','2023-12-31'),
  ('19785',2381,'2014-07-26','2029-07-26','En Operación',552241234,747258766,1299500000,'2023-10-31','2023-12-31'),
  ('52720',2381,'2013-01-11','2028-01-11','En Operación',552241234,772403927,1324645161,'2023-10-31','2023-12-31'),
  ('27810',2381,'2014-07-29','2029-07-29','En Operación',552241234,842969292,1395210526,'2023-10-31','2023-12-31'),
  ('68686',2381,'2013-06-13','2028-06-13','En Operación',552241234,873691198,1425932432,'2023-10-31','2023-12-31'),
  ('17877',2381,'2013-01-11','2028-01-11','En Operación',552241234,548464648,1100705882,'2023-10-31','2023-12-31'),
  ('41349',2381,'2014-07-26','2029-07-26','En Operación',552241234,613364826,1165606060,'2023-10-31','2023-12-31'),
  ('68320',2381,'2013-06-13','2028-06-13','En Operación',552241234,873691198,1425932432,'2023-10-31','2023-12-31'),
  ('52254',2381,'2013-01-11','2028-01-11','En Operación',552241234,772403927,1324645161,'2023-10-31','2023-12-31'),
  ('25839',2381,'2014-02-13','2029-02-13','En Operación',552241234,791624619,1343865853,'2023-10-31','2023-12-31'),
  ('13580',2381,'2013-06-13','2028-06-13','En Operación',552241234,769530194,1321771428,'2023-10-31','2023-12-31'),
  ('41013',2381,'2014-07-27','2029-07-27','En Operación',552241234,613364826,1165606060,'2023-10-31','2023-12-31'),
  ('25873',2381,'2013-06-13','2028-06-13','En Operación',552241234,791624619,1343865853,'2023-10-31','2023-12-31'),
  ('05647',2381,'2013-01-11','2028-01-11','En Operación',552241234,722113604,1274354838,'2023-10-31','2023-12-31'),
  ('41396',2381,'2014-07-26','2029-07-26','En Operación',552241234,613364826,1165606060,'2023-10-31','2023-12-31'),
  ('15226',2381,'2014-02-13','2029-02-13','En Operación',552241234,733330194,1285571428,'2023-10-31','2023-12-31'),
  ('52573',2381,'2013-01-11','2028-01-11','En Operación',552241234,772403927,1324645161,'2023-10-31','2023-12-31'),
  ('23678',2381,'2013-06-13','2028-06-13','En Operación',552241234,617321266,1169562500,'2023-10-31','2023-12-31'),
  ('27615',2381,'2014-07-26','2029-07-26','En Operación',552241234,842969292,1395210526,'2023-10-31','2023-12-31'),
  ('25372',2381,'2014-02-13','2029-02-13','En Operación',552241234,791624619,1343865853,'2023-10-31','2023-12-31'),
  ('54810',2381,'2014-02-13','2029-02-13','En Operación',552241234,805952314,1358193548,'2023-10-31','2023-12-31'),
  ('15466',2381,'2013-06-13','2028-06-13','En Operación',552241234,733330194,1285571428,'2023-10-31','2023-12-31'),
  ('15542',2381,'2014-02-13','2029-02-13','En Operación',552241234,733330194,1285571428,'2023-10-31','2023-12-31'),
  ('15879',2381,'2013-06-13','2028-06-13','En Operación',552241234,733330194,1285571428,'2023-10-31','2023-12-31'),
  ('25594',2381,'2014-02-13','2029-02-13','En Operación',552241234,791624619,1343865853,'2023-10-31','2023-12-31'),
  ('15686',2381,'2014-02-13','2029-02-13','En Operación',552241234,733330194,1285571428,'2023-10-31','2023-12-31'),
  ('66572',2381,'2014-07-26','2029-07-26','En Operación',552241234,545092099,1097333333,'2023-10-31','2023-12-31'),
  ('13212',2381,'2013-06-13','2028-06-13','En Operación',552241234,769530194,1321771428,'2023-10-31','2023-12-31'),
  ('27600',2381,'2014-07-29','2029-07-29','En Operación',552241234,842969292,1395210526,'2023-10-31','2023-12-31'),
  ('52540',2381,'2014-07-26','2029-07-26','En Operación',552241234,772403927,1324645161,'2023-10-31','2023-12-31'),
  ('19807',2381,'2014-07-27','2029-07-27','En Operación',552241234,747258766,1299500000,'2023-10-31','2023-12-31'),
  ('19533',2381,'2014-11-19','2029-11-19','En Operación',552241234,747258766,1299500000,'2023-10-31','2023-12-31'),
  ('13744',2381,'2014-03-29','2029-03-29','En Operación',552241234,769530194,1321771428,'2023-10-31','2023-12-31'),
  ('05756',2381,'2014-02-13','2029-02-13','En Operación',552241234,722113604,1274354838,'2023-10-31','2023-12-31'),
  ('05467',2381,'2013-01-11','2028-01-11','En Operación',552241234,722113604,1274354838,'2023-10-31','2023-12-31'),
  ('25426',2381,'2014-02-13','2029-02-13','En Operación',552241234,791624619,1343865853,'2023-10-31','2023-12-31'),
  ('15090',2381,'2014-02-13','2029-02-13','En Operación',552241234,733330194,1285571428,'2023-10-31','2023-12-31'),
  ('15236',2381,'2014-02-13','2029-02-13','En Operación',552241234,733330194,1285571428,'2023-10-31','2023-12-31'),
  ('44855',2381,'2013-06-13','2028-06-13','En Operación',552241234,530675432,1082916666,'2023-10-31','2023-12-31'),
  ('73504',2381,'2013-01-11','2028-01-11','En Operación',552241234,695273051,1247514285,'2023-10-31','2023-12-31'),
  ('25339',2381,'2014-02-13','2029-02-13','En Operación',552241234,791624619,1343865853,'2023-10-31','2023-12-31'),
  ('52019',2381,'2013-01-11','2028-01-11','En Operación',552241234,772403927,1324645161,'2023-10-31','2023-12-31'),
  ('52022',2381,'2013-01-11','2028-01-11','En Operación',552241234,772403927,1324645161,'2023-10-31','2023-12-31'),
  ('68152',2381,'2013-06-13','2028-06-13','En Operación',552241234,873691198,1425932432,'2023-10-31','2023-12-31'),
  ('05113',2381,'2013-01-11','2028-01-11','En Operación',552241234,722113604,1274354838,'2023-10-31','2023-12-31'),
  ('05893',2381,'2013-01-11','2028-01-11','En Operación',552241234,722113604,1274354838,'2023-10-31','2023-12-31'),
  ('25335',2381,'2014-02-13','2029-02-13','En Operación',552241234,791624619,1343865853,'2023-10-31','2023-12-31'),
  ('15778',2381,'2014-02-13','2029-02-13','En Operación',552241234,733330194,1285571428,'2023-10-31','2023-12-31'),
  ('19256',2381,'2014-07-26','2029-07-26','En Operación',552241234,747258766,1299500000,'2023-10-31','2023-12-31'),
  ('68327',2381,'2014-02-13','2029-02-13','En Operación',552241234,873691198,1425932432,'2023-10-31','2023-12-31'),
  ('68572',2381,'2013-01-11','2028-01-11','En Operación',552241234,873691198,1425932432,'2023-10-31','2023-12-31'),
  ('18094',2381,'2014-07-26','2029-07-26','En Operación',552241234,695292099,1247533333,'2023-10-31','2023-12-31'),
  ('15480',2381,'2014-02-13','2029-02-13','En Operación',552241234,733330194,1285571428,'2023-10-31','2023-12-31'),
  ('70508',2381,'2013-06-13','2028-06-13','En Operación',552241234,573980988,1126222222,'2023-10-31','2023-12-31'),
  ('50270',2381,'2013-01-11','2028-01-11','En Operación',552241234,803758766,1356000000,'2023-10-31','2023-12-31'),
  ('19517',2381,'2014-07-26','2029-07-26','En Operación',552241234,747258766,1299500000,'2023-10-31','2023-12-31'),
  ('68013',2381,'2013-06-13','2028-06-13','En Operación',552241234,873691198,1425932432,'2023-10-31','2023-12-31'),
  ('70230',2381,'2013-06-13','2028-06-13','En Operación',552241234,573980988,1126222222,'2023-10-31','2023-12-31'),
  ('15469',2381,'2014-02-13','2029-02-13','En Operación',552241234,733330194,1285571428,'2023-10-31','2023-12-31'),
  ('15522',2381,'2014-02-13','2029-02-13','En Operación',552241234,733330194,1285571428,'2023-10-31','2023-12-31'),
  ('68425',2381,'2013-01-11','2028-01-11','En Operación',552241234,873691198,1425932432,'2023-10-31','2023-12-31'),
  ('15514',2381,'2014-02-13','2029-02-13','En Operación',552241234,733330194,1285571428,'2023-10-31','2023-12-31'),
  ('19473',2381,'2014-08-27','2029-08-27','En Operación',552241234,747258766,1299500000,'2023-10-31','2023-12-31'),
  ('41357',2381,'2014-07-26','2029-07-26','En Operación',552241234,613364826,1165606060,'2023-10-31','2023-12-31'),
  ('41801',2381,'2014-07-26','2029-07-26','En Operación',552241234,613364826,1165606060,'2023-10-31','2023-12-31'),
  ('20045',2381,'2013-06-13','2028-06-13','En Operación',552241234,519821266,1072062500,'2023-10-31','2023-12-31'),
  ('85139',2381,'2014-02-13','2029-02-13','En Operación',552241234,868558766,1420800000,'2023-10-31','2023-12-31'),
  ('13894',2381,'2014-02-13','2029-02-13','En Operación',552241234,769530194,1321771428,'2023-10-31','2023-12-31'),
  ('15696',2381,'2013-06-13','2028-06-13','En Operación',552241234,733330194,1285571428,'2023-10-31','2023-12-31'),
  ('85015',2381,'2014-02-13','2029-02-13','En Operación',552241234,868558766,1420800000,'2023-10-31','2023-12-31'),
  ('15368',2381,'2014-02-13','2029-02-13','En Operación',552241234,733330194,1285571428,'2023-10-31','2023-12-31'),
  ('19548',2381,'2014-08-27','2029-08-27','En Operación',552241234,747258766,1299500000,'2023-10-31','2023-12-31'),
  ('73616',2381,'2014-07-26','2029-07-26','En Operación',552241234,695273051,1247514285,'2023-10-31','2023-12-31');
INSERT INTO proyecto_fibra
  (cod_municipio, id_indicador, fecha_operacion, fecha_fin_operacion,
   estado_actual, inversion_fontic, inversion_contrapartida,
   inversion_total, fecha_cargue, fecha_vigencia)
VALUES
  ('15531',2381,'2014-02-13','2029-02-13','En Operación',552241234,733330194,1285571428,'2023-10-31','2023-12-31'),
  ('25779',2381,'2014-02-13','2029-02-13','En Operación',552241234,791624619,1343865853,'2023-10-31','2023-12-31'),
  ('68211',2381,'2013-06-13','2028-06-13','En Operación',552241234,873691198,1425932432,'2023-10-31','2023-12-31'),
  ('15842',2381,'2013-06-13','2028-06-13','En Operación',552241234,733330194,1285571428,'2023-10-31','2023-12-31'),
  ('20310',2381,'2013-06-13','2028-06-13','En Operación',552241234,519821266,1072062500,'2023-10-31','2023-12-31'),
  ('15491',2381,'2013-06-13','2028-06-13','En Operación',552241234,733330194,1285571428,'2023-10-31','2023-12-31'),
  ('27450',2381,'2014-07-29','2029-07-29','En Operación',552241234,842969292,1395210526,'2023-10-31','2023-12-31'),
  ('25281',2381,'2014-02-13','2029-02-13','En Operación',552241234,791624619,1343865853,'2023-10-31','2023-12-31'),
  ('52786',2381,'2013-06-13','2028-06-13','En Operación',552241234,772403927,1324645161,'2023-10-31','2023-12-31'),
  ('25260',2381,'2014-02-13','2029-02-13','En Operación',552241234,791624619,1343865853,'2023-10-31','2023-12-31'),
  ('19513',2381,'2014-10-21','2029-10-21','En Operación',552241234,747258766,1299500000,'2023-10-31','2023-12-31'),
  ('50313',2381,'2013-01-11','2028-01-11','En Operación',552241234,803758766,1356000000,'2023-10-31','2023-12-31'),
  ('68169',2381,'2013-06-13','2028-06-13','En Operación',552241234,873691198,1425932432,'2023-10-31','2023-12-31'),
  ('41799',2381,'2014-07-26','2029-07-26','En Operación',552241234,613364826,1165606060,'2023-10-31','2023-12-31'),
  ('50573',2381,'2013-06-13','2028-06-13','En Operación',552241234,803758766,1356000000,'2023-10-31','2023-12-31'),
  ('52323',2381,'2013-01-11','2028-01-11','En Operación',552241234,772403927,1324645161,'2023-10-31','2023-12-31'),
  ('54520',2381,'2013-01-11','2028-01-11','En Operación',552241234,805952314,1358193548,'2023-10-31','2023-12-31'),
  ('52320',2381,'2013-01-11','2028-01-11','En Operación',552241234,772403927,1324645161,'2023-10-31','2023-12-31'),
  ('27580',2381,'2014-08-14','2029-08-14','En Operación',552241234,842969292,1395210526,'2023-10-31','2023-12-31'),
  ('25407',2381,'2013-06-13','2028-06-13','En Operación',552241234,791624619,1343865853,'2023-10-31','2023-12-31'),
  ('54128',2381,'2014-02-13','2029-02-13','En Operación',552241234,805952314,1358193548,'2023-10-31','2023-12-31'),
  ('25168',2381,'2013-01-11','2028-01-11','En Operación',552241234,791624619,1343865853,'2023-10-31','2023-12-31'),
  ('68533',2381,'2013-06-13','2028-06-13','En Operación',552241234,873691198,1425932432,'2023-10-31','2023-12-31'),
  ('41518',2381,'2014-07-26','2029-07-26','En Operación',552241234,613364826,1165606060,'2023-10-31','2023-12-31'),
  ('19455',2381,'2014-11-05','2029-11-05','En Operación',552241234,747258766,1299500000,'2023-10-31','2023-12-31'),
  ('47545',2381,'2013-06-13','2028-06-13','En Operación',552241234,600367461,1152608695,'2023-10-31','2023-12-31'),
  ('73408',2381,'2013-01-11','2028-01-11','En Operación',552241234,695273051,1247514285,'2023-10-31','2023-12-31'),
  ('17616',2381,'2013-01-11','2028-01-11','En Operación',552241234,548464648,1100705882,'2023-10-31','2023-12-31'),
  ('47460',2381,'2014-02-13','2029-02-13','En Operación',552241234,600367461,1152608695,'2023-10-31','2023-12-31'),
  ('41078',2381,'2014-07-26','2029-07-26','En Operación',552241234,613364826,1165606060,'2023-10-31','2023-12-31'),
  ('17495',2381,'2013-01-11','2028-01-11','En Operación',552241234,548464648,1100705882,'2023-10-31','2023-12-31'),
  ('20750',2381,'2013-01-11','2028-01-11','En Operación',552241234,519821266,1072062500,'2023-10-31','2023-12-31'),
  ('41872',2381,'2014-07-26','2029-07-26','En Operación',552241234,613364826,1165606060,'2023-10-31','2023-12-31'),
  ('52224',2381,'2013-01-11','2028-01-11','En Operación',552241234,772403927,1324645161,'2023-10-31','2023-12-31'),
  ('76054',2381,'2014-02-13','2029-02-13','En Operación',552241234,487395129,1039636363,'2023-10-31','2023-12-31'),
  ('25658',2381,'2013-01-11','2028-01-11','En Operación',552241234,791624619,1343865853,'2023-10-31','2023-12-31'),
  ('95025',2381,'2014-07-26','2029-07-26','En Operación',552241234,833758766,1386000000,'2023-10-31','2023-12-31'),
  ('18785',2381,'2014-07-26','2029-07-26','En Operación',552241234,695292099,1247533333,'2023-10-31','2023-12-31'),
  ('47960',2381,'2014-07-26','2029-07-26','En Operación',552241234,600367461,1152608695,'2023-10-31','2023-12-31'),
  ('20295',2381,'2014-02-13','2029-02-13','En Operación',552241234,519821266,1072062500,'2023-10-31','2023-12-31'),
  ('25898',2381,'2013-01-11','2028-01-11','En Operación',552241234,791624619,1343865853,'2023-10-31','2023-12-31'),
  ('15162',2381,'2013-06-13','2028-06-13','En Operación',552241234,733330194,1285571428,'2023-10-31','2023-12-31'),
  ('86219',2381,'2014-02-13','2029-02-13','En Operación',552241234,574008766,1126250000,'2023-10-31','2023-12-31'),
  ('86568',2381,'2014-11-19','2029-11-19','En Operación',552241234,574008766,1126250000,'2023-10-31','2023-12-31'),
  ('54347',2381,'2013-01-11','2028-01-11','En Operación',552241234,805952314,1358193548,'2023-10-31','2023-12-31'),
  ('15632',2381,'2013-06-13','2028-06-13','En Operación',552241234,733330194,1285571428,'2023-10-31','2023-12-31'),
  ('19137',2381,'2014-08-27','2029-08-27','En Operación',552241234,747258766,1299500000,'2023-10-31','2023-12-31'),
  ('68176',2381,'2013-06-13','2028-06-13','En Operación',552241234,873691198,1425932432,'2023-10-31','2023-12-31'),
  ('52405',2381,'2014-09-24','2029-09-24','En Operación',552241234,772403927,1324645161,'2023-10-31','2023-12-31'),
  ('13490',2381,'2014-07-26','2029-07-26','En Operación',552241234,769530194,1321771428,'2023-10-31','2023-12-31'),
  ('18410',2381,'2014-07-26','2029-07-26','En Operación',552241234,695292099,1247533333,'2023-10-31','2023-12-31'),
  ('41530',2381,'2014-07-26','2029-07-26','En Operación',552241234,613364826,1165606060,'2023-10-31','2023-12-31'),
  ('23168',2381,'2013-06-13','2028-06-13','En Operación',552241234,617321266,1169562500,'2023-10-31','2023-12-31'),
  ('68705',2381,'2013-01-11','2028-01-11','En Operación',552241234,873691198,1425932432,'2023-10-31','2023-12-31'),
  ('73148',2381,'2013-01-11','2028-01-11','En Operación',552241234,695273051,1247514285,'2023-10-31','2023-12-31'),
  ('15332',2381,'2014-02-13','2029-02-13','En Operación',552241234,733330194,1285571428,'2023-10-31','2023-12-31'),
  ('66045',2381,'2014-02-13','2029-02-13','En Operación',552241234,545092099,1097333333,'2023-10-31','2023-12-31'),
  ('52585',2381,'2013-01-11','2028-01-11','En Operación',552241234,772403927,1324645161,'2023-10-31','2023-12-31'),
  ('15187',2381,'2013-06-13','2028-06-13','En Operación',552241234,733330194,1285571428,'2023-10-31','2023-12-31'),
  ('25878',2381,'2013-06-13','2028-06-13','En Operación',552241234,791624619,1343865853,'2023-10-31','2023-12-31'),
  ('41676',2381,'2014-07-26','2029-07-26','En Operación',552241234,613364826,1165606060,'2023-10-31','2023-12-31'),
  ('73873',2381,'2013-01-11','2028-01-11','En Operación',552241234,695273051,1247514285,'2023-10-31','2023-12-31'),
  ('13473',2381,'2014-02-13','2029-02-13','En Operación',552241234,769530194,1321771428,'2023-10-31','2023-12-31'),
  ('86885',2381,'2014-11-19','2029-11-19','En Operación',552241234,574008766,1126250000,'2023-10-31','2023-12-31'),
  ('15109',2381,'2014-02-13','2029-02-13','En Operación',552241234,733330194,1285571428,'2023-10-31','2023-12-31'),
  ('68298',2381,'2013-01-11','2028-01-11','En Operación',552241234,873691198,1425932432,'2023-10-31','2023-12-31'),
  ('15401',2381,'2014-02-13','2029-02-13','En Operación',552241234,733330194,1285571428,'2023-10-31','2023-12-31'),
  ('15104',2381,'2013-06-13','2028-06-13','En Operación',552241234,733330194,1285571428,'2023-10-31','2023-12-31'),
  ('44847',2381,'2014-02-13','2029-02-13','En Operación',552241234,530675432,1082916666,'2023-10-31','2023-12-31'),
  ('68673',2381,'2013-06-13','2028-06-13','En Operación',552241234,873691198,1425932432,'2023-10-31','2023-12-31'),
  ('15790',2381,'2014-02-13','2029-02-13','En Operación',552241234,733330194,1285571428,'2023-10-31','2023-12-31'),
  ('25148',2381,'2013-06-13','2028-06-13','En Operación',552241234,791624619,1343865853,'2023-10-31','2023-12-31'),
  ('15322',2381,'2014-02-13','2029-02-13','En Operación',552241234,733330194,1285571428,'2023-10-31','2023-12-31'),
  ('19693',2381,'2014-11-11','2029-11-11','En Operación',552241234,747258766,1299500000,'2023-10-31','2023-12-31'),
  ('05206',2381,'2013-01-11','2028-01-11','En Operación',552241234,722113604,1274354838,'2023-10-31','2023-12-31'),
  ('54109',2381,'2013-01-11','2028-01-11','En Operación',552241234,805952314,1358193548,'2023-10-31','2023-12-31'),
  ('68397',2381,'2013-06-13','2028-06-13','En Operación',552241234,873691198,1425932432,'2023-10-31','2023-12-31'),
  ('68498',2381,'2013-01-11','2028-01-11','En Operación',552241234,873691198,1425932432,'2023-10-31','2023-12-31'),
  ('17513',2381,'2014-02-13','2029-02-13','En Operación',552241234,548464648,1100705882,'2023-10-31','2023-12-31'),
  ('68432',2381,'2013-01-11','2028-01-11','En Operación',552241234,873691198,1425932432,'2023-10-31','2023-12-31'),
  ('73352',2381,'2013-01-11','2028-01-11','En Operación',552241234,695273051,1247514285,'2023-10-31','2023-12-31'),
  ('85225',2381,'2014-02-13','2029-02-13','En Operación',552241234,868558766,1420800000,'2023-10-31','2023-12-31'),
  ('86757',2381,'2014-11-19','2029-11-19','En Operación',552241234,574008766,1126250000,'2023-10-31','2023-12-31'),
  ('15087',2381,'2013-06-13','2028-06-13','En Operación',552241234,733330194,1285571428,'2023-10-31','2023-12-31'),
  ('15296',2381,'2014-02-13','2029-02-13','En Operación',552241234,733330194,1285571428,'2023-10-31','2023-12-31'),
  ('27001',2381,'2014-07-26',NULL,'En Operación',552241234,842969292,1395210526,'2023-10-31','2023-12-31'),
  ('19809',2381,'2015-11-25','2030-11-25','En Operación',552241234,747258766,1299500000,'2023-10-31','2023-12-31'),
  ('13549',2381,'2013-06-13','2028-06-13','En Operación',552241234,769530194,1321771428,'2023-10-31','2023-12-31'),
  ('85315',2381,'2014-09-24','2029-09-24','En Operación',552241234,868558766,1420800000,'2023-10-31','2023-12-31'),
  ('76041',2381,'2014-02-13','2029-02-13','En Operación',552241234,487395129,1039636363,'2023-10-31','2023-12-31'),
  ('41503',2381,'2014-07-26','2029-07-26','En Operación',552241234,613364826,1165606060,'2023-10-31','2023-12-31'),
  ('41797',2381,'2014-07-26','2029-07-26','En Operación',552241234,613364826,1165606060,'2023-10-31','2023-12-31'),
  ('85125',2381,'2014-02-13','2029-02-13','En Operación',552241234,868558766,1420800000,'2023-10-31','2023-12-31'),
  ('25326',2381,'2013-06-13','2028-06-13','En Operación',552241234,791624619,1343865853,'2023-10-31','2023-12-31'),
  ('68051',2381,'2013-06-13','2028-06-13','En Operación',552241234,873691198,1425932432,'2023-10-31','2023-12-31'),
  ('19701',2381,'2014-11-15','2029-11-15','En Operación',552241234,747258766,1299500000,'2023-10-31','2023-12-31'),
  ('50606',2381,'2014-02-13','2029-02-13','En Operación',552241234,803758766,1356000000,'2023-10-31','2023-12-31'),
  ('25841',2381,'2014-02-13','2029-02-13','En Operación',552241234,791624619,1343865853,'2023-10-31','2023-12-31'),
  ('15740',2381,'2013-06-13','2028-06-13','En Operación',552241234,733330194,1285571428,'2023-10-31','2023-12-31'),
  ('20383',2381,'2013-06-13','2028-06-13','En Operación',552241234,519821266,1072062500,'2023-10-31','2023-12-31');
INSERT INTO proyecto_fibra
  (cod_municipio, id_indicador, fecha_operacion, fecha_fin_operacion,
   estado_actual, inversion_fontic, inversion_contrapartida,
   inversion_total, fecha_cargue, fecha_vigencia)
VALUES
  ('05313',2381,'2013-01-11','2028-01-11','En Operación',552241234,722113604,1274354838,'2023-10-31','2023-12-31'),
  ('13430',2381,'2013-06-13','2028-06-13','En Operación',552241234,769530194,1321771428,'2023-10-31','2023-12-31'),
  ('15806',2381,'2014-02-13','2029-02-13','En Operación',552241234,733330194,1285571428,'2023-10-31','2023-12-31'),
  ('25823',2381,'2013-06-13','2028-06-13','En Operación',552241234,791624619,1343865853,'2023-10-31','2023-12-31'),
  ('05475',2381,'2014-08-20','2029-08-20','En Operación',552241234,722113604,1274354838,'2023-10-31','2023-12-31'),
  ('54800',2381,'2014-02-13','2029-02-13','En Operación',552241234,805952314,1358193548,'2023-10-31','2023-12-31'),
  ('25535',2381,'2013-06-13','2028-06-13','En Operación',552241234,791624619,1343865853,'2023-10-31','2023-12-31'),
  ('68250',2381,'2013-01-11','2028-01-11','En Operación',552241234,873691198,1425932432,'2023-10-31','2023-12-31'),
  ('73675',2381,'2013-01-11','2028-01-11','En Operación',552241234,695273051,1247514285,'2023-10-31','2023-12-31'),
  ('15832',2381,'2014-02-13','2029-02-13','En Operación',552241234,733330194,1285571428,'2023-10-31','2023-12-31'),
  ('52378',2381,'2013-01-11','2028-01-11','En Operación',552241234,772403927,1324645161,'2023-10-31','2023-12-31'),
  ('50318',2381,'2013-01-11','2028-01-11','En Operación',552241234,803758766,1356000000,'2023-10-31','2023-12-31'),
  ('47258',2381,'2013-06-13','2028-06-13','En Operación',552241234,600367461,1152608695,'2023-10-31','2023-12-31'),
  ('15764',2381,'2013-06-13','2028-06-13','En Operación',552241234,733330194,1285571428,'2023-10-31','2023-12-31'),
  ('15537',2381,'2014-02-13','2029-02-13','En Operación',552241234,733330194,1285571428,'2023-10-31','2023-12-31'),
  ('68344',2381,'2013-06-13','2028-06-13','En Operación',552241234,873691198,1425932432,'2023-10-31','2023-12-31'),
  ('47707',2381,'2013-06-13','2028-06-13','En Operación',552241234,600367461,1152608695,'2023-10-31','2023-12-31'),
  ('76233',2381,'2014-02-13','2029-02-13','En Operación',552241234,487395129,1039636363,'2023-10-31','2023-12-31'),
  ('52678',2381,'2013-06-13','2028-06-13','En Operación',552241234,772403927,1324645161,'2023-10-31','2023-12-31'),
  ('05400',2381,'2014-02-13','2029-02-13','En Operación',552241234,722113604,1274354838,'2023-10-31','2023-12-31'),
  ('23675',2381,'2013-06-13','2028-06-13','En Operación',552241234,617321266,1169562500,'2023-10-31','2023-12-31'),
  ('50577',2381,'2013-06-13','2028-06-13','En Operación',552241234,803758766,1356000000,'2023-10-31','2023-12-31'),
  ('86320',2381,'2014-11-19','2029-11-19','En Operación',552241234,574008766,1126250000,'2023-10-31','2023-12-31'),
  ('25612',2381,'2013-01-11','2028-01-11','En Operación',552241234,791624619,1343865853,'2023-10-31','2023-12-31'),
  ('52612',2381,'2014-02-13','2029-02-13','En Operación',552241234,772403927,1324645161,'2023-10-31','2023-12-31'),
  ('25258',2381,'2013-06-13','2028-06-13','En Operación',552241234,791624619,1343865853,'2023-10-31','2023-12-31'),
  ('52683',2381,'2013-01-11','2028-01-11','En Operación',552241234,772403927,1324645161,'2023-10-31','2023-12-31'),
  ('44090',2381,'2013-06-13','2028-06-13','En Operación',552241234,530675432,1082916666,'2023-10-31','2023-12-31'),
  ('15362',2381,'2014-02-13','2029-02-13','En Operación',552241234,733330194,1285571428,'2023-10-31','2023-12-31'),
  ('13030',2381,'2013-06-13','2028-06-13','En Operación',552241234,769530194,1321771428,'2023-10-31','2023-12-31'),
  ('68444',2381,'2013-06-13','2028-06-13','En Operación',552241234,873691198,1425932432,'2023-10-31','2023-12-31'),
  ('68684',2381,'2013-06-13','2028-06-13','En Operación',552241234,873691198,1425932432,'2023-10-31','2023-12-31'),
  ('15106',2381,'2014-02-13','2029-02-13','En Operación',552241234,733330194,1285571428,'2023-10-31','2023-12-31'),
  ('68682',2381,'2013-06-13','2028-06-13','En Operación',552241234,873691198,1425932432,'2023-10-31','2023-12-31'),
  ('73870',2381,'2013-01-11','2028-01-11','En Operación',552241234,695273051,1247514285,'2023-10-31','2023-12-31'),
  ('15022',2381,'2014-02-13','2029-02-13','En Operación',552241234,733330194,1285571428,'2023-10-31','2023-12-31'),
  ('73236',2381,'2013-01-11','2028-01-11','En Operación',552241234,695273051,1247514285,'2023-10-31','2023-12-31'),
  ('52317',2381,'2013-01-11','2028-01-11','En Operación',552241234,772403927,1324645161,'2023-10-31','2023-12-31'),
  ('18592',2381,'2014-08-29','2029-08-29','En Operación',552241234,695292099,1247533333,'2023-10-31','2023-12-31'),
  ('73547',2381,'2013-01-11','2028-01-11','En Operación',552241234,695273051,1247514285,'2023-10-31','2023-12-31'),
  ('73461',2381,'2013-01-11','2028-01-11','En Operación',552241234,695273051,1247514285,'2023-10-31','2023-12-31'),
  ('17433',2381,'2013-01-11','2028-01-11','En Operación',552241234,548464648,1100705882,'2023-10-31','2023-12-31'),
  ('15861',2381,'2013-06-13','2028-06-13','En Operación',552241234,733330194,1285571428,'2023-10-31','2023-12-31'),
  ('25772',2381,'2013-06-13','2028-06-13','En Operación',552241234,791624619,1343865853,'2023-10-31','2023-12-31'),
  ('52696',2381,'2015-11-25','2030-11-25','En Operación',552241234,772403927,1324645161,'2023-10-31','2023-12-31'),
  ('25245',2381,'2013-06-13','2028-06-13','En Operación',552241234,791624619,1343865853,'2023-10-31','2023-12-31'),
  ('52473',2381,'2015-11-25','2030-11-25','En Operación',552241234,772403927,1324645161,'2023-10-31','2023-12-31'),
  ('68669',2381,'2013-06-13','2028-06-13','En Operación',552241234,873691198,1425932432,'2023-10-31','2023-12-31'),
  ('52788',2381,'2013-01-11','2028-01-11','En Operación',552241234,772403927,1324645161,'2023-10-31','2023-12-31'),
  ('68132',2381,'2013-06-13','2028-06-13','En Operación',552241234,873691198,1425932432,'2023-10-31','2023-12-31'),
  ('68324',2381,'2013-01-11','2028-01-11','En Operación',552241234,873691198,1425932432,'2023-10-31','2023-12-31'),
  ('50006',2381,'2013-01-11','2028-01-11','En Operación',552241234,803758766,1356000000,'2023-10-31','2023-12-31'),
  ('15232',2381,'2013-06-13','2028-06-13','En Operación',552241234,733330194,1285571428,'2023-10-31','2023-12-31'),
  ('23574',2381,'2013-06-13','2028-06-13','En Operación',552241234,617321266,1169562500,'2023-10-31','2023-12-31'),
  ('13654',2381,'2014-02-13','2029-02-13','En Operación',552241234,769530194,1321771428,'2023-10-31','2023-12-31'),
  ('15550',2381,'2014-02-13','2029-02-13','En Operación',552241234,733330194,1285571428,'2023-10-31','2023-12-31'),
  ('52885',2381,'2013-01-11','2028-01-11','En Operación',552241234,772403927,1324645161,'2023-10-31','2023-12-31'),
  ('25053',2381,'2013-06-13','2028-06-13','En Operación',552241234,791624619,1343865853,'2023-10-31','2023-12-31'),
  ('47720',2381,'2013-06-13','2028-06-13','En Operación',552241234,600367461,1152608695,'2023-10-31','2023-12-31'),
  ('20614',2381,'2013-06-13','2028-06-13','En Operación',552241234,519821266,1072062500,'2023-10-31','2023-12-31'),
  ('25524',2381,'2013-06-13','2028-06-13','En Operación',552241234,791624619,1343865853,'2023-10-31','2023-12-31'),
  ('47053',2381,'2013-06-13','2028-06-13','En Operación',552241234,600367461,1152608695,'2023-10-31','2023-12-31'),
  ('54680',2381,'2013-01-11','2028-01-11','En Operación',552241234,805952314,1358193548,'2023-10-31','2023-12-31'),
  ('52260',2381,'2013-01-11','2028-01-11','En Operación',552241234,772403927,1324645161,'2023-10-31','2023-12-31'),
  ('44279',2381,'2013-06-13','2028-06-13','En Operación',552241234,530675432,1082916666,'2023-10-31','2023-12-31'),
  ('68549',2381,'2013-01-11','2028-01-11','En Operación',552241234,873691198,1425932432,'2023-10-31','2023-12-31'),
  ('05628',2381,'2013-01-11','2028-01-11','En Operación',552241234,722113604,1274354838,'2023-10-31','2023-12-31'),
  ('13673',2381,'2014-02-13','2029-02-13','En Operación',552241234,769530194,1321771428,'2023-10-31','2023-12-31'),
  ('63548',2381,'2013-06-13','2028-06-13','En Operación',552241234,591358766,1143600000,'2023-10-31','2023-12-31'),
  ('15763',2381,'2013-06-13','2028-06-13','En Operación',552241234,733330194,1285571428,'2023-10-31','2023-12-31'),
  ('25653',2381,'2013-06-13','2028-06-13','En Operación',552241234,791624619,1343865853,'2023-10-31','2023-12-31'),
  ('17042',2381,'2013-01-11','2028-01-11','En Operación',552241234,548464648,1100705882,'2023-10-31','2023-12-31'),
  ('73043',2381,'2013-01-11','2028-01-11','En Operación',552241234,695273051,1247514285,'2023-10-31','2023-12-31'),
  ('44098',2381,'2013-06-13','2028-06-13','En Operación',552241234,530675432,1082916666,'2023-10-31','2023-12-31'),
  ('17541',2381,'2013-01-11','2028-01-11','En Operación',552241234,548464648,1100705882,'2023-10-31','2023-12-31'),
  ('52699',2381,'2013-06-13','2028-06-13','En Operación',552241234,772403927,1324645161,'2023-10-31','2023-12-31'),
  ('52256',2381,'2014-07-26','2029-07-26','En Operación',552241234,772403927,1324645161,'2023-10-31','2023-12-31'),
  ('68079',2381,'2013-01-11','2028-01-11','En Operación',552241234,873691198,1425932432,'2023-10-31','2023-12-31'),
  ('17524',2381,'2013-01-11','2028-01-11','En Operación',552241234,548464648,1100705882,'2023-10-31','2023-12-31'),
  ('70235',2381,'2013-06-13','2028-06-13','En Operación',552241234,573980988,1126222222,'2023-10-31','2023-12-31'),
  ('52240',2381,'2013-01-11','2028-01-11','En Operación',552241234,772403927,1324645161,'2023-10-31','2023-12-31'),
  ('19022',2381,'2014-07-26','2029-07-26','En Operación',552241234,747258766,1299500000,'2023-10-31','2023-12-31'),
  ('25368',2381,'2013-01-11','2028-01-11','En Operación',552241234,791624619,1343865853,'2023-10-31','2023-12-31'),
  ('47605',2381,'2013-06-13','2028-06-13','En Operación',552241234,600367461,1152608695,'2023-10-31','2023-12-31'),
  ('54206',2381,'2014-02-13','2029-02-13','En Operación',552241234,805952314,1358193548,'2023-10-31','2023-12-31'),
  ('50150',2381,'2013-01-11','2028-01-11','En Operación',552241234,803758766,1356000000,'2023-10-31','2023-12-31'),
  ('68322',2381,'2013-06-13','2028-06-13','En Operación',552241234,873691198,1425932432,'2023-10-31','2023-12-31'),
  ('13810',2381,'2013-06-13','2028-06-13','En Operación',552241234,769530194,1321771428,'2023-10-31','2023-12-31'),
  ('13042',2381,'2013-06-13','2028-06-13','En Operación',552241234,769530194,1321771428,'2023-10-31','2023-12-31'),
  ('66456',2381,'2013-01-11','2028-01-11','En Operación',552241234,545092099,1097333333,'2023-10-31','2023-12-31'),
  ('52399',2381,'2013-01-11','2028-01-11','En Operación',552241234,772403927,1324645161,'2023-10-31','2023-12-31'),
  ('68368',2381,'2013-01-11','2028-01-11','En Operación',552241234,873691198,1425932432,'2023-10-31','2023-12-31'),
  ('41206',2381,'2014-07-27','2029-07-27','En Operación',552241234,613364826,1165606060,'2023-10-31','2023-12-31'),
  ('15690',2381,'2014-02-13','2029-02-13','En Operación',552241234,733330194,1285571428,'2023-10-31','2023-12-31'),
  ('15646',2381,'2013-06-13','2028-06-13','En Operación',552241234,733330194,1285571428,'2023-10-31','2023-12-31'),
  ('85325',2381,'2014-02-13','2029-02-13','En Operación',552241234,868558766,1420800000,'2023-10-31','2023-12-31'),
  ('50683',2381,'2013-01-11','2028-01-11','En Operación',552241234,803758766,1356000000,'2023-10-31','2023-12-31'),
  ('19392',2381,'2014-07-26','2029-07-26','En Operación',552241234,747258766,1299500000,'2023-10-31','2023-12-31'),
  ('15518',2381,'2014-02-13','2029-02-13','En Operación',552241234,733330194,1285571428,'2023-10-31','2023-12-31'),
  ('17614',2381,'2013-01-11','2028-01-11','En Operación',552241234,548464648,1100705882,'2023-10-31','2023-12-31');
INSERT INTO proyecto_fibra
  (cod_municipio, id_indicador, fecha_operacion, fecha_fin_operacion,
   estado_actual, inversion_fontic, inversion_contrapartida,
   inversion_total, fecha_cargue, fecha_vigencia)
VALUES
  ('68524',2381,'2013-06-13','2028-06-13','En Operación',552241234,873691198,1425932432,'2023-10-31','2023-12-31'),
  ('18247',2381,'2014-08-23','2029-08-23','En Operación',552241234,695292099,1247533333,'2023-10-31','2023-12-31'),
  ('15114',2381,'2014-02-13','2029-02-13','En Operación',552241234,733330194,1285571428,'2023-10-31','2023-12-31'),
  ('25312',2381,'2013-06-13','2028-06-13','En Operación',552241234,791624619,1343865853,'2023-10-31','2023-12-31'),
  ('73854',2381,'2013-01-11','2028-01-11','En Operación',552241234,695273051,1247514285,'2023-10-31','2023-12-31'),
  ('25178',2381,'2014-02-13','2029-02-13','En Operación',552241234,791624619,1343865853,'2023-10-31','2023-12-31'),
  ('25438',2381,'2014-02-13','2029-02-13','En Operación',552241234,791624619,1343865853,'2023-10-31','2023-12-31'),
  ('19743',2381,'2014-08-27','2029-08-27','En Operación',552241234,747258766,1299500000,'2023-10-31','2023-12-31'),
  ('20517',2381,'2014-02-13','2029-02-13','En Operación',552241234,519821266,1072062500,'2023-10-31','2023-12-31'),
  ('52490',2381,'2015-11-25','2030-11-25','En Operación',552241234,772403927,1324645161,'2023-10-31','2023-12-31'),
  ('68861',2381,'2013-01-11','2028-01-11','En Operación',552241234,873691198,1425932432,'2023-10-31','2023-12-31'),
  ('25324',2381,'2013-01-11','2028-01-11','En Operación',552241234,791624619,1343865853,'2023-10-31','2023-12-31'),
  ('23586',2381,'2013-06-13','2028-06-13','En Operación',552241234,617321266,1169562500,'2023-10-31','2023-12-31'),
  ('25320',2381,'2013-01-11','2028-01-11','En Operación',552241234,791624619,1343865853,'2023-10-31','2023-12-31'),
  ('68207',2381,'2013-06-13','2028-06-13','En Operación',552241234,873691198,1425932432,'2023-10-31','2023-12-31'),
  ('25295',2381,'2013-06-13','2028-06-13','En Operación',552241234,791624619,1343865853,'2023-10-31','2023-12-31'),
  ('23090',2381,'2013-06-13','2028-06-13','En Operación',552241234,617321266,1169562500,'2023-10-31','2023-12-31'),
  ('73624',2381,'2013-01-11','2028-01-11','En Operación',552241234,695273051,1247514285,'2023-10-31','2023-12-31'),
  ('47170',2381,'2013-06-13','2028-06-13','En Operación',552241234,600367461,1152608695,'2023-10-31','2023-12-31'),
  ('15244',2381,'2014-02-13','2029-02-13','En Operación',552241234,733330194,1285571428,'2023-10-31','2023-12-31'),
  ('15135',2381,'2014-02-13','2029-02-13','En Operación',552241234,733330194,1285571428,'2023-10-31','2023-12-31'),
  ('20400',2381,'2013-06-13','2028-06-13','En Operación',552241234,519821266,1072062500,'2023-10-31','2023-12-31'),
  ('73217',2381,'2013-01-11','2028-01-11','En Operación',552241234,695273051,1247514285,'2023-10-31','2023-12-31'),
  ('86865',2381,'2014-11-19','2029-11-19','En Operación',552241234,574008766,1126250000,'2023-10-31','2023-12-31'),
  ('70418',2381,'2013-01-11','2028-01-11','En Operación',552241234,573980988,1126222222,'2023-10-31','2023-12-31'),
  ('54377',2381,'2013-01-11','2028-01-11','En Operación',552241234,805952314,1358193548,'2023-10-31','2023-12-31'),
  ('73067',2381,'2013-01-11','2028-01-11','En Operación',552241234,695273051,1247514285,'2023-10-31','2023-12-31'),
  ('13670',2381,'2014-03-29','2029-03-29','En Operación',552241234,769530194,1321771428,'2023-10-31','2023-12-31'),
  ('05809',2381,'2013-01-11','2028-01-11','En Operación',552241234,722113604,1274354838,'2023-10-31','2023-12-31'),
  ('41807',2381,'2014-07-26','2029-07-26','En Operación',552241234,613364826,1165606060,'2023-10-31','2023-12-31'),
  ('68773',2381,'2013-01-11','2028-01-11','En Operación',552241234,873691198,1425932432,'2023-10-31','2023-12-31'),
  ('25486',2381,'2013-06-13','2028-06-13','En Operación',552241234,791624619,1343865853,'2023-10-31','2023-12-31'),
  ('70429',2381,'2014-02-13','2029-02-13','En Operación',552241234,573980988,1126222222,'2023-10-31','2023-12-31'),
  ('15693',2381,'2013-06-13','2028-06-13','En Operación',552241234,733330194,1285571428,'2023-10-31','2023-12-31'),
  ('68615',2381,'2013-01-11','2028-01-11','En Operación',552241234,873691198,1425932432,'2023-10-31','2023-12-31'),
  ('41615',2381,'2014-07-26','2029-07-26','En Operación',552241234,613364826,1165606060,'2023-10-31','2023-12-31'),
  ('50124',2381,'2013-06-13','2028-06-13','En Operación',552241234,803758766,1356000000,'2023-10-31','2023-12-31'),
  ('73622',2381,'2013-06-13','2028-06-13','En Operación',552241234,695273051,1247514285,'2023-10-31','2023-12-31'),
  ('15837',2381,'2013-06-13','2028-06-13','En Operación',552241234,733330194,1285571428,'2023-10-31','2023-12-31'),
  ('15533',2381,'2014-02-13','2029-02-13','En Operación',552241234,733330194,1285571428,'2023-10-31','2023-12-31'),
  ('25745',2381,'2013-06-13','2028-06-13','En Operación',552241234,791624619,1343865853,'2023-10-31','2023-12-31'),
  ('18756',2381,'2016-08-26','2031-08-26','En Operación',552241234,695292099,1247533333,'2023-10-31','2023-12-31'),
  ('15097',2381,'2014-02-13','2029-02-13','En Operación',552241234,733330194,1285571428,'2023-10-31','2023-12-31'),
  ('41378',2381,'2014-07-26','2029-07-26','En Operación',552241234,613364826,1165606060,'2023-10-31','2023-12-31'),
  ('41026',2381,'2014-07-26','2029-07-26','En Operación',552241234,613364826,1165606060,'2023-10-31','2023-12-31'),
  ('15723',2381,'2014-02-13','2029-02-13','En Operación',552241234,733330194,1285571428,'2023-10-31','2023-12-31'),
  ('47980',2381,'2013-06-13','2028-06-13','En Operación',552241234,600367461,1152608695,'2023-10-31','2023-12-31'),
  ('85279',2381,'2014-02-13','2029-02-13','En Operación',552241234,868558766,1420800000,'2023-10-31','2023-12-31'),
  ('18150',2381,'2014-08-23','2029-08-23','En Operación',552241234,695292099,1247533333,'2023-10-31','2023-12-31'),
  ('13873',2381,'2013-06-13','2028-06-13','En Operación',552241234,769530194,1321771428,'2023-10-31','2023-12-31'),
  ('17013',2381,'2014-02-13','2029-02-13','En Operación',552241234,548464648,1100705882,'2023-10-31','2023-12-31'),
  ('25001',2381,'2013-01-11','2028-01-11','En Operación',552241234,791624619,1343865853,'2023-10-31','2023-12-31'),
  ('05086',2381,'2013-01-11','2028-01-11','En Operación',552241234,722113604,1274354838,'2023-10-31','2023-12-31'),
  ('25807',2381,'2014-02-13','2029-02-13','En Operación',552241234,791624619,1343865853,'2023-10-31','2023-12-31'),
  ('13650',2381,'2013-06-13','2028-06-13','En Operación',552241234,769530194,1321771428,'2023-10-31','2023-12-31'),
  ('85250',2381,'2014-02-13','2029-02-13','En Operación',552241234,868558766,1420800000,'2023-10-31','2023-12-31'),
  ('47745',2381,'2013-06-13','2028-06-13','En Operación',552241234,600367461,1152608695,'2023-10-31','2023-12-31'),
  ('54599',2381,'2013-01-11','2028-01-11','En Operación',552241234,805952314,1358193548,'2023-10-31','2023-12-31'),
  ('50251',2381,'2013-01-11','2028-01-11','En Operación',552241234,803758766,1356000000,'2023-10-31','2023-12-31'),
  ('68502',2381,'2013-06-13','2028-06-13','En Operación',552241234,873691198,1425932432,'2023-10-31','2023-12-31'),
  ('05040',2381,'2015-05-08','2030-05-08','En Operación',552241234,722113604,1274354838,'2023-10-31','2023-12-31'),
  ('25086',2381,'2013-06-13','2028-06-13','En Operación',552241234,791624619,1343865853,'2023-10-31','2023-12-31'),
  ('13620',2381,'2013-06-13','2028-06-13','En Operación',552241234,769530194,1321771428,'2023-10-31','2023-12-31'),
  ('25662',2381,'2013-01-11','2028-01-11','En Operación',552241234,791624619,1343865853,'2023-10-31','2023-12-31'),
  ('52258',2381,'2013-01-11','2028-01-11','En Operación',552241234,772403927,1324645161,'2023-10-31','2023-12-31'),
  ('05674',2381,'2013-01-11','2028-01-11','En Operación',552241234,722113604,1274354838,'2023-10-31','2023-12-31'),
  ('05483',2381,'2013-01-11','2028-01-11','En Operación',552241234,722113604,1274354838,'2023-10-31','2023-12-31'),
  ('25851',2381,'2013-01-11','2028-01-11','En Operación',552241234,791624619,1343865853,'2023-10-31','2023-12-31'),
  ('13062',2381,'2013-06-13','2028-06-13','En Operación',552241234,769530194,1321771428,'2023-10-31','2023-12-31'),
  ('13074',2381,'2013-06-13','2028-06-13','En Operación',552241234,769530194,1321771428,'2023-10-31','2023-12-31'),
  ('15403',2381,'2014-02-13','2029-02-13','En Operación',552241234,733330194,1285571428,'2023-10-31','2023-12-31'),
  ('15761',2381,'2014-02-13','2029-02-13','En Operación',552241234,733330194,1285571428,'2023-10-31','2023-12-31'),
  ('68895',2381,'2013-01-11','2028-01-11','En Operación',552241234,873691198,1425932432,'2023-10-31','2023-12-31'),
  ('52838',2381,'2013-01-11','2028-01-11','En Operación',552241234,772403927,1324645161,'2023-10-31','2023-12-31'),
  ('15673',2381,'2014-02-13','2029-02-13','En Operación',552241234,733330194,1285571428,'2023-10-31','2023-12-31'),
  ('73024',2381,'2013-01-11','2028-01-11','En Operación',552241234,695273051,1247514285,'2023-10-31','2023-12-31'),
  ('41016',2381,'2014-07-26','2029-07-26','En Operación',552241234,613364826,1165606060,'2023-10-31','2023-12-31'),
  ('25224',2381,'2013-06-13','2028-06-13','En Operación',552241234,791624619,1343865853,'2023-10-31','2023-12-31'),
  ('15897',2381,'2013-06-13','2028-06-13','En Operación',552241234,733330194,1285571428,'2023-10-31','2023-12-31'),
  ('15092',2381,'2014-02-13','2029-02-13','En Operación',552241234,733330194,1285571428,'2023-10-31','2023-12-31'),
  ('19290',2381,'2014-07-26','2029-07-26','En Operación',552241234,747258766,1299500000,'2023-10-31','2023-12-31'),
  ('05652',2381,'2013-01-11','2028-01-11','En Operación',552241234,722113604,1274354838,'2023-10-31','2023-12-31'),
  ('27245',2381,'2014-08-26','2029-08-26','En Operación',552241234,842969292,1395210526,'2023-10-31','2023-12-31'),
  ('52385',2381,'2014-07-26','2029-07-26','En Operación',552241234,772403927,1324645161,'2023-10-31','2023-12-31'),
  ('54261',2381,'2013-01-11','2028-01-11','En Operación',552241234,805952314,1358193548,'2023-10-31','2023-12-31'),
  ('15293',2381,'2013-06-13','2028-06-13','En Operación',552241234,733330194,1285571428,'2023-10-31','2023-12-31'),
  ('15180',2381,'2014-02-13','2029-02-13','En Operación',552241234,733330194,1285571428,'2023-10-31','2023-12-31'),
  ('19130',2381,'2014-08-27','2029-08-27','En Operación',552241234,747258766,1299500000,'2023-10-31','2023-12-31');

-- ============================================================
--  CONSULTAS PRINCIPALES
--  Proyecto Nacional de Fibra Óptica - Colombia
-- ============================================================

USE fibra_optica_colombia;


-- ============================================================
-- 1. RESUMEN GENERAL
-- ============================================================

-- Total de municipios, inversión acumulada y promedio por proyecto
SELECT
    COUNT(id_proyecto)                        AS total_proyectos,
    SUM(inversion_total)                      AS inversion_total_cop,
    AVG(inversion_total)                      AS inversion_promedio_cop,
    SUM(inversion_fontic)                     AS total_fontic_cop,
    SUM(inversion_contrapartida)              AS total_contrapartida_cop,
    ROUND(SUM(inversion_fontic)
        / NULLIF(SUM(inversion_total),0)*100, 2) AS pct_fontic,
    ROUND(SUM(inversion_contrapartida)
        / NULLIF(SUM(inversion_total),0)*100, 2) AS pct_contrapartida
FROM proyecto_fibra;


-- ============================================================
-- 2. ANÁLISIS POR REGIÓN
-- ============================================================

-- Municipios e inversión total por región, ordenado de mayor a menor
SELECT
    r.nombre_region,
    COUNT(pf.id_proyecto)           AS municipios_cubiertos,
    FORMAT(SUM(pf.inversion_total), 0)  AS inversion_total_cop,
    FORMAT(AVG(pf.inversion_total), 0)  AS inversion_promedio_cop,
    ROUND(SUM(pf.inversion_fontic)
        / NULLIF(SUM(pf.inversion_total),0)*100, 1) AS pct_fontic
FROM proyecto_fibra pf
JOIN municipio    m  ON pf.cod_municipio   = m.cod_municipio
JOIN departamento d  ON m.cod_departamento = d.cod_departamento
JOIN region       r  ON d.id_region        = r.id_region
GROUP BY r.id_region, r.nombre_region
ORDER BY SUM(pf.inversion_total) DESC;


-- ============================================================
-- 3. ANÁLISIS POR DEPARTAMENTO
-- ============================================================

-- Cobertura y financiación por departamento
SELECT
    d.cod_departamento,
    d.nombre                            AS departamento,
    r.nombre_region,
    COUNT(pf.id_proyecto)               AS municipios_cubiertos,
    FORMAT(SUM(pf.inversion_total),0)   AS inversion_total_cop,
    FORMAT(SUM(pf.inversion_fontic),0)  AS fontic_cop,
    FORMAT(SUM(pf.inversion_contrapartida),0) AS contrapartida_cop
FROM proyecto_fibra pf
JOIN municipio    m  ON pf.cod_municipio   = m.cod_municipio
JOIN departamento d  ON m.cod_departamento = d.cod_departamento
JOIN region       r  ON d.id_region        = r.id_region
GROUP BY d.cod_departamento, d.nombre, r.nombre_region
ORDER BY SUM(pf.inversion_total) DESC;


-- ============================================================
-- 4. TOP 10 MUNICIPIOS POR INVERSIÓN
-- ============================================================

SELECT
    m.cod_municipio,
    m.nombre                            AS municipio,
    d.nombre                            AS departamento,
    r.nombre_region,
    FORMAT(pf.inversion_total, 0)       AS inversion_total_cop,
    FORMAT(pf.inversion_fontic, 0)      AS fontic_cop,
    FORMAT(pf.inversion_contrapartida, 0) AS contrapartida_cop,
    pf.fecha_operacion,
    pf.fecha_fin_operacion
FROM proyecto_fibra pf
JOIN municipio    m  ON pf.cod_municipio   = m.cod_municipio
JOIN departamento d  ON m.cod_departamento = d.cod_departamento
JOIN region       r  ON d.id_region        = r.id_region
ORDER BY pf.inversion_total DESC
LIMIT 10;


-- ============================================================
-- 5. PROYECTOS POR ESTADO Y VIGENCIA
-- ============================================================

-- Distribución de estados actuales
SELECT
    estado_actual,
    COUNT(*) AS cantidad,
    ROUND(COUNT(*) * 100.0 / (SELECT COUNT(*) FROM proyecto_fibra), 2) AS porcentaje
FROM proyecto_fibra
GROUP BY estado_actual
ORDER BY cantidad DESC;

-- Proyectos con vigencia próxima a vencer (en los próximos 365 días)
SELECT
    m.nombre                        AS municipio,
    d.nombre                        AS departamento,
    pf.fecha_fin_operacion,
    DATEDIFF(pf.fecha_fin_operacion, CURDATE()) AS dias_restantes,
    FORMAT(pf.inversion_total, 0)   AS inversion_total_cop
FROM proyecto_fibra pf
JOIN municipio    m  ON pf.cod_municipio   = m.cod_municipio
JOIN departamento d  ON m.cod_departamento = d.cod_departamento
WHERE pf.fecha_fin_operacion BETWEEN CURDATE() AND DATE_ADD(CURDATE(), INTERVAL 365 DAY)
ORDER BY pf.fecha_fin_operacion ASC;

-- Proyectos ya vencidos (fecha_fin_operacion en el pasado)
SELECT
    m.nombre                      AS municipio,
    d.nombre                      AS departamento,
    pf.fecha_fin_operacion,
    ABS(DATEDIFF(pf.fecha_fin_operacion, CURDATE())) AS dias_vencido,
    FORMAT(pf.inversion_total, 0) AS inversion_total_cop
FROM proyecto_fibra pf
JOIN municipio    m  ON pf.cod_municipio   = m.cod_municipio
JOIN departamento d  ON m.cod_departamento = d.cod_departamento
WHERE pf.fecha_fin_operacion < CURDATE()
ORDER BY pf.fecha_fin_operacion ASC;


-- ============================================================
-- 6. ANÁLISIS DE FINANCIACIÓN
-- ============================================================

-- Municipios donde la contrapartida supera a FONTIC
SELECT
    m.nombre                                AS municipio,
    d.nombre                                AS departamento,
    FORMAT(pf.inversion_fontic, 0)          AS fontic_cop,
    FORMAT(pf.inversion_contrapartida, 0)   AS contrapartida_cop,
    FORMAT(pf.inversion_total, 0)           AS total_cop,
    ROUND(pf.inversion_contrapartida
        / NULLIF(pf.inversion_total,0)*100, 1) AS pct_contrapartida
FROM proyecto_fibra pf
JOIN municipio    m  ON pf.cod_municipio   = m.cod_municipio
JOIN departamento d  ON m.cod_departamento = d.cod_departamento
WHERE pf.inversion_contrapartida > pf.inversion_fontic
ORDER BY pf.inversion_contrapartida DESC;

-- Proyectos sin inversión de contrapartida (100% FONTIC)
SELECT
    m.nombre                        AS municipio,
    d.nombre                        AS departamento,
    FORMAT(pf.inversion_fontic, 0)  AS fontic_cop
FROM proyecto_fibra pf
JOIN municipio    m  ON pf.cod_municipio   = m.cod_municipio
JOIN departamento d  ON m.cod_departamento = d.cod_departamento
WHERE pf.inversion_contrapartida = 0
   OR pf.inversion_contrapartida IS NULL
ORDER BY pf.inversion_fontic DESC;


-- ============================================================
-- 7. ANÁLISIS TEMPORAL
-- ============================================================

-- Proyectos iniciados por año
SELECT
    YEAR(fecha_operacion)           AS anio_inicio,
    COUNT(*)                        AS proyectos_iniciados,
    FORMAT(SUM(inversion_total), 0) AS inversion_total_cop
FROM proyecto_fibra
WHERE fecha_operacion IS NOT NULL
GROUP BY YEAR(fecha_operacion)
ORDER BY anio_inicio;

-- Proyectos que finalizan por año
SELECT
    YEAR(fecha_fin_operacion)       AS anio_fin,
    COUNT(*)                        AS proyectos_por_vencer,
    FORMAT(SUM(inversion_total), 0) AS inversion_en_juego_cop
FROM proyecto_fibra
WHERE fecha_fin_operacion IS NOT NULL
GROUP BY YEAR(fecha_fin_operacion)
ORDER BY anio_fin;


-- ============================================================
-- 8. BÚSQUEDA Y DETALLE
-- ============================================================

-- Detalle completo de un municipio específico (reemplaza el nombre)
SELECT
    r.nombre_region,
    d.nombre                                  AS departamento,
    m.nombre                                  AS municipio,
    m.cod_municipio,
    pf.estado_actual,
    pf.fecha_operacion,
    pf.fecha_fin_operacion,
    DATEDIFF(pf.fecha_fin_operacion, pf.fecha_operacion) AS dias_vigencia,
    FORMAT(pf.inversion_fontic, 0)            AS fontic_cop,
    FORMAT(pf.inversion_contrapartida, 0)     AS contrapartida_cop,
    FORMAT(pf.inversion_total, 0)             AS total_cop,
    pf.fecha_cargue,
    pf.fecha_vigencia,
    i.descripcion                             AS indicador
FROM proyecto_fibra pf
JOIN municipio    m  ON pf.cod_municipio   = m.cod_municipio
JOIN departamento d  ON m.cod_departamento = d.cod_departamento
JOIN region       r  ON d.id_region        = r.id_region
JOIN indicador    i  ON pf.id_indicador    = i.id_indicador
WHERE m.nombre LIKE '%MARMATO%';   -- <- cambia el nombre aquí

-- Buscar todos los municipios de un departamento
SELECT
    m.cod_municipio,
    m.nombre                        AS municipio,
    pf.estado_actual,
    FORMAT(pf.inversion_total, 0)   AS inversion_total_cop,
    pf.fecha_operacion,
    pf.fecha_fin_operacion
FROM municipio    m
JOIN departamento d  ON m.cod_departamento = d.cod_departamento
JOIN proyecto_fibra pf ON pf.cod_municipio = m.cod_municipio
WHERE d.nombre = 'QUINDIO'      -- <- cambia el departamento aquí
ORDER BY pf.inversion_total DESC;


-- ============================================================
-- 9. RANKING Y PERCENTILES
-- ============================================================

-- Ranking de municipios por inversión dentro de su región
SELECT
    r.nombre_region,
    m.nombre                        AS municipio,
    d.nombre                        AS departamento,
    FORMAT(pf.inversion_total, 0)   AS inversion_total_cop,
    RANK() OVER (
        PARTITION BY r.id_region
        ORDER BY pf.inversion_total DESC
    )                               AS ranking_en_region
FROM proyecto_fibra pf
JOIN municipio    m  ON pf.cod_municipio   = m.cod_municipio
JOIN departamento d  ON m.cod_departamento = d.cod_departamento
JOIN region       r  ON d.id_region        = r.id_region
ORDER BY r.nombre_region, ranking_en_region;

-- Clasificar municipios por nivel de inversión (alto / medio / bajo)
SELECT
    m.nombre                        AS municipio,
    d.nombre                        AS departamento,
    FORMAT(pf.inversion_total, 0)   AS inversion_total_cop,
    CASE
        WHEN pf.inversion_total >= 1500000000 THEN 'Alta'
        WHEN pf.inversion_total >= 800000000  THEN 'Media'
        ELSE 'Baja'
    END                             AS nivel_inversion
FROM proyecto_fibra pf
JOIN municipio    m  ON pf.cod_municipio   = m.cod_municipio
JOIN departamento d  ON m.cod_departamento = d.cod_departamento
ORDER BY pf.inversion_total DESC;


-- ============================================================
-- 10. CONTROL DE CALIDAD
-- ============================================================

-- Registros con valores nulos en campos clave
SELECT
    SUM(inversion_total IS NULL OR inversion_total = 0) AS sin_inversion_total,
    SUM(inversion_fontic IS NULL) AS sin_fontic,
    SUM(fecha_operacion IS NULL) AS sin_fecha_inicio,
    SUM(fecha_fin_operacion IS NULL) AS sin_fecha_fin,
    SUM(estado_actual IS NULL OR estado_actual = '') AS sin_estado
FROM proyecto_fibra;

-- Verificar consistencia: inversion_total = fontic + contrapartida
SELECT
    m.nombre                                            AS municipio,
    FORMAT(pf.inversion_fontic, 0)                      AS fontic,
    FORMAT(pf.inversion_contrapartida, 0)               AS contrapartida,
    FORMAT(pf.inversion_total, 0)                       AS total_declarado,
    FORMAT(pf.inversion_fontic + pf.inversion_contrapartida, 0) AS total_calculado,
    ABS(pf.inversion_total
        - (pf.inversion_fontic + pf.inversion_contrapartida))   AS diferencia
FROM proyecto_fibra pf
JOIN municipio m ON pf.cod_municipio = m.cod_municipio
WHERE ABS(pf.inversion_total
        - (pf.inversion_fontic + pf.inversion_contrapartida)) > 1
ORDER BY diferencia DESC;